caseID,activityID
A,1
A,2
A,3
A,4
A,5
A,6
A,7
A,8
A,9
A,3
A,2
A,2
A,3
A,2
A,3
A,3
A,2
A,2
A,3
A,3
A,2
A,10
B,1
B,5
B,3
B,4
B,2
B,6
B,7
B,8
B,9
B,3
B,3
B,10
C,1
C,5
C,6
C,2
C,3
C,7
C,8
C,9
C,9
C,2
C,3
C,2
C,3
C,10
D,1
D,5
D,6
D,3
D,4
D,2
D,7
D,8
D,9
D,2
D,3
D,10
D,13
E,1
E,5
E,6
E,7
E,3
E,2
E,4
E,8
F,1
F,5
F,6
F,2
F,3
F,4
F,8
F,7
F,9
F,10
G,1
G,5
G,6
G,7
G,8
G,4
G,3
G,2
G,9
G,2
G,3
G,10
H,1
H,5
H,6
H,3
H,4
H,2
H,14
H,9
H,3
H,2
H,3
H,9
H,11
I,1
I,5
I,6
I,8
I,2
I,3
I,4
I,9
I,2
I,3
I,10
J,1
J,5
J,6
J,3
J,2
J,4
J,7
J,8
J,9
J,3
J,10
K,1
K,5
K,6
K,4
K,3
K,2
K,8
K,9
K,2
K,3
K,9
K,7
K,3
K,2
K,10
K,13
L,1
L,5
L,6
L,2
L,3
L,4
L,7
L,8
L,9
L,2
L,2
L,2
L,3
L,10
L,13
M,1
M,5
M,6
N,1
N,5
N,6
N,3
N,4
N,2
N,9
N,7
N,8
N,3
N,2
N,10
O,1
O,5
O,6
O,7
O,3
O,2
O,4
O,8
O,9
O,10
O,13
P,1
P,5
P,6
Q,1
Q,5
Q,6
R,1
R,5
R,6
R,3
R,2
S,1
S,5
S,6
S,2
S,3
S,4
S,7
S,8
S,9
S,14
S,4
S,2
S,3
S,9
S,2
S,3
S,2
S,10
S,13
T,1
T,5
T,6
T,7
T,8
T,3
T,4
T,2
T,9
T,11
U,1
U,5
U,6
U,2
U,9
U,2
U,2
U,2
U,2
U,3
U,11
V,1
V,5
V,6
V,7
V,2
V,4
V,3
V,8
V,14
V,4
V,3
V,2
V,4
V,4
V,3
V,2
V,9
V,2
V,3
V,10
V,13
W,1
W,5
W,6
W,7
W,4
W,2
W,3
W,8
W,9
W,3
W,10
X,1
X,5
X,2
X,3
X,4
X,6
X,2
X,3
X,4
X,9
X,3
X,10
X,13
Y,1
Y,5
Y,6
Y,8
Y,3
Y,4
Y,2
Y,7
Z,1
Z,5
Z,6
Z,2
Z,4
Z,3
Z,14
Z,9
Z,9
Z,10
AA,1
AA,5
AA,6
AA,2
AA,4
AA,3
AA,7
AA,8
BA,1
BA,5
BA,6
BA,7
BA,8
BA,4
BA,3
BA,2
BA,9
BA,3
BA,2
BA,10
BA,13
CA,1
CA,5
CA,6
CA,7
CA,8
CA,3
CA,4
CA,2
DA,1
DA,5
DA,6
DA,3
DA,2
DA,4
DA,8
DA,9
DA,7
DA,2
DA,3
DA,12
EA,1
EA,5
EA,6
EA,2
EA,3
EA,4
EA,7
EA,8
EA,9
EA,9
EA,2
EA,3
EA,3
EA,10
EA,13
FA,1
FA,5
FA,3
FA,4
FA,2
FA,6
FA,7
FA,8
GA,1
GA,5
GA,6
GA,7
GA,8
GA,3
GA,2
GA,4
GA,9
GA,3
GA,2
GA,10
HA,1
HA,5
HA,2
HA,3
HA,4
HA,6
HA,9
HA,9
HA,2
HA,3
HA,10
IA,7
IA,1
IA,5
IA,6
IA,4
IA,3
IA,2
IA,8
JA,1
JA,6
JA,8
JA,5
JA,2
JA,4
JA,3
JA,9
JA,9
JA,3
JA,4
JA,2
JA,10
JA,13
KA,1
KA,5
KA,6
KA,7
KA,8
KA,3
KA,4
KA,2
KA,9
KA,2
KA,3
KA,2
KA,3
KA,3
KA,2
KA,10
LA,1
LA,5
LA,6
LA,2
LA,3
MA,1
MA,5
MA,6
MA,4
MA,2
MA,3
MA,7
MA,8
MA,9
MA,2
MA,3
MA,3
MA,2
MA,10
NA,1
NA,5
NA,6
NA,8
NA,7
NA,2
NA,3
NA,4
NA,9
NA,9
NA,2
NA,3
NA,3
NA,2
NA,2
NA,2
NA,2
NA,2
NA,3
NA,4
NA,2
NA,3
NA,2
NA,12
OA,1
OA,5
OA,6
OA,7
OA,8
OA,4
OA,3
OA,2
OA,2
OA,3
OA,4
PA,1
PA,5
PA,6
PA,2
PA,3
PA,4
QA,1
QA,5
QA,6
QA,7
QA,2
QA,4
QA,3
QA,8
QA,9
QA,3
QA,2
QA,3
QA,2
QA,15
RA,1
RA,5
RA,6
SA,1
SA,5
SA,6
SA,7
SA,3
SA,4
SA,2
SA,8
SA,9
SA,3
SA,2
SA,3
SA,10
SA,13
TA,1
TA,5
TA,6
TA,3
TA,2
TA,9
TA,3
TA,2
TA,3
TA,10
UA,1
UA,5
UA,6
UA,4
UA,2
UA,3
UA,7
UA,8
UA,9
UA,4
UA,10
VA,1
VA,5
VA,6
VA,3
VA,4
VA,2
VA,7
VA,8
VA,9
VA,3
VA,2
VA,9
VA,10
WA,1
WA,5
WA,6
WA,3
WA,9
WA,9
WA,10
WA,13
XA,1
XA,5
XA,6
YA,1
YA,5
YA,6
YA,2
YA,3
YA,4
ZA,1
ZA,5
ZA,6
ZA,3
ZA,4
ZA,2
ZA,7
ZA,8
AB,1
AB,5
AB,6
AB,3
AB,4
AB,2
AB,7
AB,8
BB,1
BB,5
BB,6
BB,3
BB,4
BB,2
CB,1
CB,5
CB,6
CB,3
CB,4
CB,2
CB,7
CB,8
CB,9
CB,9
CB,3
CB,2
CB,3
CB,10
DB,1
DB,5
DB,6
DB,3
DB,4
DB,2
DB,7
DB,8
DB,9
DB,2
DB,3
DB,10
EB,1
EB,5
EB,6
EB,2
EB,3
EB,4
EB,7
EB,8
FB,1
FB,5
FB,6
FB,7
FB,8
FB,3
FB,2
FB,4
GB,1
GB,2
GB,4
GB,3
GB,5
GB,6
GB,7
GB,8
GB,9
GB,2
GB,3
GB,10
GB,13
HB,1
HB,5
HB,6
HB,3
HB,4
HB,2
HB,7
HB,8
HB,9
HB,3
HB,2
HB,9
HB,2
HB,3
HB,10
IB,1
IB,2
IB,3
IB,4
IB,5
IB,6
IB,7
IB,8
IB,9
IB,2
IB,9
IB,3
IB,2
IB,10
JB,1
JB,5
JB,6
JB,3
JB,4
JB,2
JB,7
JB,8
KB,1
KB,5
KB,6
KB,4
KB,3
KB,2
KB,8
KB,7
KB,9
KB,10
KB,13
LB,1
LB,5
LB,4
LB,3
LB,2
LB,6
LB,7
LB,8
LB,9
LB,9
LB,3
LB,2
LB,2
LB,3
LB,3
LB,2
LB,2
LB,3
LB,11
MB,1
MB,5
MB,6
NB,1
NB,5
NB,6
NB,2
NB,4
NB,3
NB,7
NB,8
NB,9
NB,3
NB,2
NB,4
NB,9
NB,3
NB,2
NB,3
NB,3
NB,2
NB,3
NB,2
NB,10
OB,1
OB,5
OB,3
OB,4
OB,2
OB,6
OB,7
OB,8
OB,9
OB,3
OB,2
OB,2
OB,3
OB,2
OB,3
OB,10
PB,1
PB,5
PB,6
PB,7
PB,3
PB,4
PB,2
PB,8
PB,9
PB,2
PB,3
PB,2
PB,3
PB,2
PB,10
PB,13
QB,1
QB,5
QB,6
QB,7
QB,3
QB,4
QB,2
QB,8
QB,9
QB,3
QB,2
QB,2
QB,3
QB,2
QB,10
QB,13
RB,1
RB,5
RB,6
RB,2
RB,3
RB,9
RB,10
SB,1
SB,5
SB,6
SB,7
SB,8
SB,2
SB,3
SB,4
SB,9
SB,3
SB,9
SB,3
SB,10
SB,13
TB,1
TB,5
TB,6
TB,2
TB,4
TB,3
TB,9
TB,10
TB,13
UB,1
UB,5
UB,6
UB,7
UB,3
UB,4
UB,2
UB,8
UB,9
VB,1
VB,5
VB,6
VB,2
VB,3
VB,4
VB,8
VB,9
VB,9
VB,3
VB,2
VB,10
VB,13
WB,1
WB,5
WB,6
WB,3
WB,2
XB,1
XB,5
XB,6
XB,2
XB,4
XB,3
XB,7
XB,8
XB,9
XB,4
XB,11
YB,1
YB,5
YB,6
YB,3
YB,4
YB,2
YB,8
YB,7
YB,9
YB,9
YB,3
YB,2
YB,2
YB,3
YB,10
ZB,1
ZB,5
ZB,6
ZB,2
ZB,4
ZB,3
ZB,8
ZB,9
ZB,7
ZB,2
ZB,3
ZB,2
ZB,3
ZB,2
ZB,10
ZB,13
AC,1
AC,5
AC,6
AC,2
AC,4
AC,3
AC,7
AC,8
AC,9
AC,3
AC,2
AC,10
AC,13
BC,1
BC,5
BC,6
BC,2
BC,3
CC,1
CC,5
CC,6
CC,7
CC,8
CC,3
CC,2
CC,4
CC,9
CC,9
CC,3
CC,2
CC,15
CC,13
DC,1
DC,5
DC,6
DC,4
DC,2
DC,3
DC,7
DC,8
DC,9
DC,3
DC,10
DC,13
EC,1
EC,5
EC,6
EC,4
EC,2
EC,3
EC,7
EC,8
EC,9
EC,3
EC,2
EC,2
EC,3
EC,2
EC,3
EC,2
EC,10
FC,1
FC,5
FC,6
FC,2
FC,3
FC,9
FC,10
GC,1
GC,5
GC,6
GC,7
GC,8
GC,2
GC,3
GC,4
GC,9
GC,3
GC,2
GC,10
HC,1
HC,5
HC,6
HC,2
HC,3
IC,5
IC,1
IC,6
IC,7
IC,8
IC,2
IC,3
IC,4
IC,9
IC,2
IC,10
IC,13
JC,1
JC,5
JC,6
JC,7
JC,8
JC,2
JC,3
JC,4
JC,9
JC,3
JC,2
JC,3
JC,2
JC,10
JC,13
KC,1
KC,5
KC,6
KC,2
KC,4
KC,3
KC,7
KC,8
KC,9
KC,3
KC,2
KC,3
KC,10
LC,1
LC,5
LC,6
LC,3
LC,4
LC,2
LC,8
LC,9
LC,9
LC,3
LC,3
LC,2
LC,3
LC,3
LC,2
LC,3
LC,2
LC,3
LC,2
LC,10
LC,13
MC,1
MC,5
MC,6
MC,7
MC,2
MC,3
MC,4
MC,8
MC,9
MC,2
MC,3
MC,2
MC,10
MC,13
NC,1
NC,5
NC,6
NC,2
NC,3
NC,8
NC,7
OC,1
OC,5
OC,6
OC,7
OC,8
OC,2
OC,3
OC,3
OC,2
OC,4
OC,14
OC,3
OC,4
OC,2
OC,2
OC,3
OC,4
OC,9
OC,2
OC,3
OC,10
OC,13
PC,1
PC,5
PC,6
PC,2
PC,3
QC,1
QC,5
QC,6
QC,2
QC,3
QC,4
QC,7
QC,8
QC,9
QC,3
QC,2
QC,3
QC,2
QC,3
QC,10
RC,1
RC,5
RC,6
RC,3
RC,2
RC,7
RC,8
RC,9
RC,9
RC,3
RC,3
RC,10
RC,13
SC,1
SC,5
SC,6
SC,3
SC,4
SC,2
SC,8
SC,7
SC,4
TC,1
TC,7
TC,5
TC,6
TC,8
TC,3
TC,4
TC,2
TC,14
TC,3
TC,4
TC,2
TC,3
TC,2
TC,4
TC,4
TC,3
TC,2
TC,2
TC,3
TC,4
TC,9
TC,10
TC,13
UC,1
UC,5
UC,6
UC,7
UC,2
UC,3
UC,8
UC,9
UC,14
UC,4
UC,3
UC,2
UC,2
UC,3
UC,4
UC,4
UC,2
UC,4
UC,3
UC,2
UC,4
UC,4
UC,2
UC,4
UC,3
UC,9
UC,2
UC,3
UC,2
UC,3
UC,10
UC,13
VC,1
VC,5
VC,6
VC,4
VC,2
VC,3
VC,8
VC,7
VC,9
VC,3
VC,2
VC,3
VC,10
WC,7
WC,1
WC,5
WC,6
WC,4
WC,3
WC,2
WC,8
WC,9
WC,9
WC,10
WC,13
XC,1
XC,5
XC,6
XC,7
XC,8
XC,4
XC,2
XC,3
YC,3
YC,2
YC,1
YC,5
YC,2
YC,3
YC,6
YC,7
YC,8
ZC,1
ZC,4
ZC,3
ZC,2
ZC,5
ZC,6
ZC,4
ZC,4
ZC,7
ZC,8
AD,1
AD,5
AD,6
AD,4
AD,3
AD,2
AD,7
AD,8
AD,9
AD,14
AD,2
AD,4
AD,3
AD,4
AD,2
AD,3
AD,2
AD,3
AD,4
AD,3
AD,4
AD,2
AD,9
AD,3
AD,2
AD,2
AD,3
AD,10
AD,13
BD,1
BD,5
BD,7
BD,6
BD,3
BD,4
BD,2
BD,8
BD,9
BD,2
BD,3
BD,10
CD,1
CD,5
CD,6
CD,2
CD,4
CD,3
CD,7
CD,8
DD,1
DD,5
DD,6
DD,2
DD,3
DD,4
DD,9
DD,11
ED,1
ED,5
ED,6
ED,2
ED,3
ED,4
ED,7
ED,8
ED,9
ED,2
ED,9
ED,2
ED,2
ED,3
ED,3
ED,3
ED,2
ED,2
ED,2
ED,2
ED,2
ED,3
ED,9
ED,9
ED,2
ED,2
ED,3
ED,3
ED,2
ED,3
ED,2
ED,10
ED,13
FD,1
FD,5
FD,6
FD,3
FD,2
FD,4
FD,7
FD,8
FD,3
FD,2
FD,4
GD,1
GD,5
GD,6
GD,2
GD,4
GD,3
GD,7
GD,8
GD,9
GD,2
GD,3
GD,2
GD,3
GD,12
HD,1
HD,5
HD,2
HD,3
HD,4
HD,6
HD,7
HD,8
HD,14
HD,14
HD,2
HD,3
HD,4
HD,2
HD,3
HD,4
HD,2
HD,2
HD,3
HD,4
HD,4
HD,3
HD,4
HD,2
HD,4
HD,2
HD,3
HD,2
HD,4
HD,3
HD,9
HD,10
ID,1
ID,5
ID,6
JD,1
JD,4
JD,2
JD,3
JD,5
JD,6
JD,7
JD,8
JD,9
JD,9
JD,2
JD,3
JD,10
JD,13
KD,6
KD,1
KD,5
KD,2
KD,3
KD,4
KD,7
KD,8
KD,14
KD,4
KD,3
KD,3
KD,4
KD,2
KD,9
KD,10
KD,13
LD,1
LD,5
LD,6
LD,7
LD,3
LD,4
LD,2
LD,8
LD,9
LD,2
LD,3
LD,2
LD,3
LD,10
MD,1
MD,5
MD,3
MD,4
MD,2
MD,6
MD,7
MD,8
MD,9
MD,2
MD,3
MD,3
MD,2
MD,10
MD,13
ND,1
ND,5
ND,6
ND,3
ND,2
ND,4
ND,8
ND,9
ND,9
ND,7
ND,3
ND,2
ND,2
ND,3
ND,2
ND,10
OD,1
OD,3
OD,2
OD,5
OD,6
OD,7
OD,8
OD,14
OD,4
OD,3
OD,2
OD,4
OD,4
OD,2
OD,3
OD,3
OD,2
OD,4
OD,2
OD,3
OD,4
OD,3
OD,4
OD,2
OD,2
OD,3
OD,4
OD,2
OD,4
OD,3
OD,3
OD,4
OD,2
OD,2
OD,3
OD,4
OD,3
OD,2
OD,4
OD,3
OD,2
OD,4
OD,4
OD,2
OD,3
OD,4
OD,3
OD,2
OD,2
OD,3
OD,4
OD,4
OD,2
OD,3
OD,3
OD,2
OD,4
OD,2
OD,3
OD,4
OD,3
OD,4
OD,2
OD,4
OD,3
OD,2
OD,2
OD,3
OD,4
OD,4
OD,3
OD,2
OD,4
OD,2
OD,3
OD,2
OD,3
OD,4
OD,2
OD,4
OD,3
OD,3
OD,2
OD,4
OD,3
OD,4
OD,2
OD,2
OD,3
OD,2
OD,4
OD,2
OD,3
OD,4
OD,2
OD,4
OD,3
OD,4
OD,2
OD,3
OD,3
OD,4
OD,2
OD,2
OD,3
OD,4
OD,4
OD,4
OD,3
OD,2
OD,2
OD,2
OD,3
OD,4
OD,3
OD,4
OD,2
OD,11
PD,1
PD,2
PD,4
PD,3
PD,5
PD,6
PD,7
PD,8
PD,2
QD,1
QD,5
QD,6
QD,3
QD,4
QD,2
QD,8
QD,9
QD,9
QD,3
QD,2
QD,11
RD,1
RD,5
RD,6
RD,2
RD,3
RD,7
RD,8
SD,1
SD,5
SD,3
SD,4
SD,2
SD,6
SD,8
SD,7
SD,9
SD,2
SD,3
SD,2
SD,3
SD,10
TD,1
TD,5
TD,6
TD,2
TD,3
TD,8
TD,9
TD,4
TD,9
TD,9
TD,7
TD,2
TD,3
TD,3
TD,2
TD,11
UD,1
UD,5
UD,6
UD,3
UD,4
UD,2
UD,7
UD,8
UD,9
UD,4
UD,2
UD,3
UD,9
UD,2
UD,3
UD,3
UD,2
UD,2
UD,3
UD,3
UD,2
UD,3
UD,3
UD,3
UD,2
UD,3
UD,2
UD,3
UD,3
UD,15
UD,13
VD,1
VD,2
VD,4
VD,3
VD,5
VD,6
VD,8
VD,9
VD,9
VD,7
VD,10
WD,1
WD,5
WD,6
XD,1
XD,7
XD,5
XD,6
XD,8
XD,3
XD,4
XD,2
XD,9
XD,10
YD,1
YD,5
YD,6
YD,4
YD,2
YD,3
YD,7
YD,8
ZD,1
ZD,5
ZD,6
ZD,3
ZD,2
ZD,9
ZD,10
AE,1
AE,5
AE,6
AE,2
AE,3
AE,4
AE,7
AE,8
AE,9
AE,2
AE,3
AE,14
AE,2
AE,4
AE,3
AE,9
AE,10
AE,13
BE,1
BE,5
BE,6
BE,2
BE,3
BE,4
BE,8
BE,7
BE,9
BE,2
BE,9
BE,3
BE,2
BE,10
BE,13
CE,1
CE,5
CE,6
CE,2
CE,4
CE,3
CE,7
CE,8
CE,9
CE,9
CE,10
DE,1
DE,5
DE,6
DE,3
DE,2
EE,1
EE,5
EE,6
EE,2
EE,3
EE,9
EE,10
FE,1
FE,5
FE,2
FE,4
FE,3
FE,6
FE,9
FE,3
FE,2
FE,3
FE,2
FE,3
FE,2
FE,3
FE,2
FE,10
FE,13
GE,1
GE,5
GE,6
GE,2
GE,4
GE,3
GE,7
GE,8
GE,9
GE,9
GE,2
GE,3
GE,3
GE,2
GE,10
HE,1
HE,5
HE,6
HE,3
HE,4
HE,2
HE,7
HE,8
HE,9
HE,2
HE,3
HE,9
HE,2
HE,3
HE,3
HE,3
HE,10
IE,1
IE,5
IE,6
IE,2
IE,3
IE,9
IE,10
JE,1
JE,5
JE,6
JE,2
JE,3
JE,4
JE,8
JE,7
JE,9
JE,9
JE,2
JE,3
JE,3
JE,2
JE,10
JE,13
KE,1
KE,5
KE,6
KE,3
KE,4
KE,2
KE,8
KE,7
KE,9
KE,2
KE,3
KE,9
KE,2
KE,3
KE,10
KE,13
LE,1
LE,5
LE,6
LE,3
LE,2
LE,4
LE,8
LE,7
LE,9
LE,2
LE,3
LE,11
ME,1
ME,5
ME,3
ME,4
ME,2
ME,6
ME,7
ME,8
ME,9
ME,3
ME,2
ME,3
ME,2
ME,10
ME,13
NE,1
NE,5
NE,6
NE,3
NE,2
OE,1
OE,5
OE,6
PE,1
PE,5
PE,6
PE,7
PE,8
PE,3
PE,2
PE,4
QE,1
QE,5
QE,6
QE,2
QE,4
QE,3
QE,7
QE,8
QE,14
QE,3
QE,4
QE,2
QE,9
QE,3
QE,2
QE,3
QE,2
QE,2
QE,3
QE,10
QE,13
RE,1
RE,5
RE,6
RE,7
RE,3
RE,2
RE,4
RE,8
SE,1
SE,5
SE,6
SE,7
SE,3
SE,4
SE,2
SE,8
SE,9
SE,10
TE,1
TE,5
TE,3
TE,2
TE,6
UE,1
UE,5
UE,6
UE,7
UE,8
UE,2
UE,3
UE,4
UE,9
UE,3
UE,2
UE,9
UE,3
UE,2
UE,2
UE,3
UE,2
UE,3
UE,10
VE,1
VE,5
VE,6
VE,4
VE,3
VE,2
VE,7
VE,8
VE,14
VE,2
VE,3
VE,4
VE,4
VE,3
VE,2
VE,3
VE,4
VE,2
VE,10
WE,1
WE,5
WE,3
WE,4
WE,2
WE,6
WE,14
WE,4
WE,2
WE,3
WE,4
WE,2
WE,3
WE,4
WE,9
WE,10
WE,13
XE,1
XE,5
XE,6
XE,7
XE,8
XE,2
XE,4
XE,3
YE,1
YE,5
YE,6
YE,4
YE,2
YE,3
YE,7
YE,8
YE,9
YE,9
YE,2
YE,3
YE,10
ZE,1
ZE,5
ZE,6
ZE,2
ZE,4
ZE,3
ZE,7
ZE,8
ZE,9
ZE,2
ZE,2
ZE,3
ZE,2
ZE,2
ZE,3
ZE,11
AF,1
AF,3
AF,2
AF,5
AF,6
AF,4
AF,7
AF,8
AF,9
AF,3
AF,2
AF,2
AF,3
AF,3
AF,2
AF,10
AF,13
BF,1
BF,5
BF,6
BF,7
BF,2
BF,3
BF,4
BF,8
BF,9
BF,2
BF,3
BF,10
BF,13
CF,1
CF,5
CF,6
CF,4
CF,3
CF,2
CF,8
CF,9
CF,3
CF,2
CF,3
CF,2
CF,2
CF,3
CF,2
CF,3
CF,3
CF,2
CF,2
CF,3
CF,2
CF,3
CF,3
CF,3
CF,2
CF,10
CF,13
DF,1
DF,5
DF,3
DF,2
DF,6
EF,1
EF,4
EF,3
EF,2
EF,5
EF,6
EF,8
EF,7
EF,9
EF,2
EF,3
EF,2
EF,3
EF,10
FF,1
FF,5
FF,6
FF,3
FF,2
FF,4
FF,7
FF,8
GF,1
GF,5
GF,6
GF,2
GF,3
GF,4
GF,7
GF,8
GF,14
GF,2
GF,3
GF,4
GF,3
GF,4
GF,2
GF,4
GF,2
GF,3
GF,2
GF,3
GF,4
GF,2
GF,3
GF,4
GF,2
GF,4
GF,3
GF,2
GF,4
GF,2
GF,3
GF,2
GF,3
GF,4
GF,9
GF,2
GF,3
GF,3
GF,2
GF,3
GF,2
GF,2
GF,2
GF,2
GF,3
GF,3
GF,2
GF,3
GF,2
GF,2
GF,3
GF,3
GF,2
GF,3
GF,2
GF,2
GF,3
GF,10
GF,13
HF,1
HF,5
HF,6
HF,7
HF,2
HF,3
HF,4
HF,8
HF,9
HF,9
HF,2
HF,3
HF,10
IF,2
IF,3
IF,1
IF,5
IF,6
IF,7
IF,4
IF,3
IF,2
IF,8
IF,9
IF,3
IF,3
IF,2
IF,3
IF,2
IF,10
JF,1
JF,5
JF,6
JF,7
JF,2
JF,3
JF,4
JF,8
KF,1
KF,5
KF,6
KF,3
KF,2
KF,4
KF,7
KF,8
KF,9
KF,3
KF,2
KF,9
KF,3
KF,2
KF,10
LF,1
LF,5
LF,6
LF,2
LF,3
MF,1
MF,5
MF,6
NF,1
NF,5
NF,6
NF,2
NF,3
NF,7
NF,8
NF,9
NF,9
NF,3
NF,2
NF,2
NF,3
NF,3
NF,2
NF,3
NF,2
NF,3
NF,2
NF,3
NF,2
NF,3
NF,3
NF,2
NF,3
NF,3
NF,2
NF,10
OF,1
OF,5
OF,6
PF,1
PF,5
PF,6
PF,3
PF,4
PF,2
PF,7
PF,8
PF,9
PF,2
PF,3
PF,9
PF,3
PF,2
PF,10
QF,1
QF,5
QF,6
QF,7
QF,2
QF,3
QF,4
QF,8
QF,9
QF,2
QF,3
QF,9
QF,2
QF,3
QF,10
QF,13
RF,1
RF,5
RF,6
RF,2
RF,4
RF,3
RF,7
RF,8
RF,9
SF,1
SF,5
SF,3
SF,4
SF,2
SF,6
SF,8
SF,7
SF,9
SF,9
SF,10
SF,13
TF,1
TF,5
TF,6
TF,3
TF,2
TF,9
TF,2
TF,3
TF,2
TF,2
TF,3
TF,3
TF,2
TF,10
TF,3
TF,2
UF,1
UF,5
UF,6
UF,3
UF,2
UF,4
UF,7
UF,8
UF,14
UF,4
UF,2
UF,4
UF,3
UF,4
UF,3
UF,4
UF,2
UF,4
UF,2
UF,3
UF,9
UF,2
UF,3
UF,9
UF,3
UF,2
UF,3
UF,3
UF,10
VF,1
VF,5
VF,6
VF,2
VF,3
VF,4
VF,7
VF,8
VF,9
VF,9
VF,2
VF,3
VF,10
WF,1
WF,5
WF,6
WF,2
WF,4
WF,3
WF,8
WF,7
WF,9
WF,3
WF,2
WF,3
WF,9
WF,2
WF,2
WF,3
WF,9
WF,3
WF,2
WF,10
WF,13
XF,1
XF,5
XF,6
XF,7
XF,2
XF,3
XF,4
XF,8
XF,9
XF,9
XF,3
XF,10
YF,1
YF,5
YF,6
YF,7
YF,2
YF,4
YF,3
YF,8
YF,9
YF,14
YF,3
YF,4
YF,2
YF,4
YF,2
YF,3
YF,9
YF,3
YF,2
YF,3
YF,4
YF,2
YF,3
YF,4
YF,3
YF,2
YF,2
YF,3
YF,10
ZF,1
ZF,5
ZF,6
ZF,7
ZF,8
ZF,2
ZF,3
ZF,4
ZF,4
ZF,9
ZF,9
ZF,3
ZF,2
ZF,10
AG,6
AG,1
AG,5
AG,2
AG,3
BG,1
BG,5
BG,6
BG,3
BG,2
BG,9
BG,2
BG,2
BG,9
BG,10
CG,1
CG,5
CG,6
CG,4
CG,3
CG,2
CG,7
CG,8
CG,9
CG,2
CG,3
CG,2
CG,3
CG,2
CG,10
DG,1
DG,5
DG,6
DG,3
DG,4
DG,2
DG,7
DG,8
DG,9
DG,3
DG,2
DG,10
EG,1
EG,5
EG,3
EG,2
EG,6
FG,1
FG,5
FG,6
FG,7
FG,8
FG,2
FG,4
FG,3
FG,9
FG,3
FG,10
GG,1
GG,5
GG,6
GG,2
GG,3
GG,9
GG,2
GG,3
GG,2
GG,2
GG,2
GG,2
GG,2
GG,4
GG,3
GG,2
GG,10
GG,13
HG,1
HG,5
HG,6
HG,3
HG,2
HG,4
HG,8
HG,9
HG,9
HG,2
HG,3
HG,2
HG,3
HG,10
HG,13
IG,1
IG,5
IG,6
IG,2
IG,9
IG,2
IG,2
IG,2
IG,3
IG,2
IG,2
IG,2
IG,2
IG,2
IG,2
IG,3
IG,2
IG,10
JG,1
JG,5
JG,6
JG,7
JG,8
JG,2
JG,4
JG,3
JG,9
JG,2
JG,2
JG,3
JG,10
KG,2
KG,3
KG,1
KG,5
KG,6
KG,4
KG,2
KG,3
KG,7
KG,8
KG,9
KG,2
KG,3
KG,3
KG,2
KG,10
LG,1
LG,5
LG,6
LG,3
LG,2
LG,4
LG,7
LG,8
LG,9
LG,9
LG,14
LG,3
LG,2
LG,4
LG,4
LG,4
LG,2
LG,3
LG,3
LG,4
LG,2
LG,3
LG,2
LG,4
LG,4
LG,3
LG,2
LG,3
LG,2
LG,4
LG,2
LG,4
LG,3
LG,3
LG,2
LG,4
LG,4
LG,2
LG,3
LG,16
LG,13
MG,1
MG,5
MG,6
MG,2
MG,3
MG,2
NG,1
NG,5
NG,6
NG,3
NG,2
NG,4
OG,1
OG,5
OG,6
OG,3
OG,4
OG,2
OG,9
OG,9
OG,10
PG,1
PG,7
PG,6
PG,8
PG,5
PG,4
PG,3
PG,2
PG,9
PG,2
PG,3
PG,10
PG,13
QG,1
QG,5
QG,6
QG,2
QG,3
QG,4
QG,7
QG,8
QG,9
QG,3
QG,2
QG,10
QG,13
RG,1
RG,5
RG,6
RG,4
RG,2
RG,3
RG,9
RG,2
RG,3
RG,2
RG,3
RG,2
RG,3
RG,3
RG,2
RG,2
RG,3
RG,3
RG,2
RG,3
RG,4
RG,3
RG,2
RG,3
RG,3
RG,3
RG,3
RG,2
RG,3
RG,2
RG,3
RG,10
RG,13
SG,1
SG,5
SG,3
SG,2
SG,6
TG,1
TG,5
TG,6
TG,3
TG,4
TG,2
TG,8
TG,9
TG,2
TG,3
TG,10
UG,1
UG,5
UG,6
UG,2
UG,3
UG,4
UG,7
UG,8
VG,1
VG,5
VG,6
VG,4
VG,2
VG,3
VG,9
VG,3
VG,2
VG,3
VG,2
VG,3
VG,2
VG,3
VG,10
VG,13
WG,1
WG,5
WG,6
WG,3
WG,2
WG,4
WG,7
WG,8
WG,9
WG,2
WG,3
WG,3
WG,2
WG,10
XG,1
XG,5
XG,6
XG,4
XG,2
XG,3
XG,7
XG,8
YG,1
YG,5
YG,6
YG,7
YG,8
YG,4
YG,2
YG,3
YG,9
YG,9
YG,2
YG,3
YG,2
YG,2
YG,2
YG,2
YG,2
YG,3
YG,2
YG,2
YG,2
YG,3
YG,2
YG,3
YG,2
YG,2
YG,3
YG,2
YG,15
ZG,1
ZG,5
ZG,6
ZG,3
ZG,4
ZG,2
ZG,8
ZG,9
ZG,7
ZG,11
AH,1
AH,5
AH,6
AH,4
AH,2
AH,3
AH,8
AH,9
AH,2
AH,3
AH,10
BH,1
BH,5
BH,6
BH,2
BH,4
BH,3
BH,8
BH,7
BH,9
BH,2
BH,3
BH,9
BH,3
BH,2
BH,9
BH,2
BH,3
BH,2
BH,3
BH,10
CH,1
CH,5
CH,6
CH,8
CH,2
CH,3
CH,4
CH,9
CH,10
DH,1
DH,5
DH,6
DH,7
DH,2
DH,3
DH,8
DH,9
DH,2
DH,2
DH,3
DH,3
DH,2
DH,10
DH,13
EH,1
EH,5
EH,6
EH,3
EH,4
EH,2
EH,7
EH,8
EH,9
EH,10
FH,1
FH,5
FH,6
FH,4
FH,3
FH,2
FH,8
FH,9
FH,3
FH,3
FH,2
FH,10
FH,13
GH,1
GH,5
GH,3
GH,4
GH,2
GH,6
GH,7
GH,8
HH,1
HH,5
HH,6
HH,2
HH,4
HH,3
HH,7
HH,8
HH,9
HH,3
HH,2
HH,10
IH,1
IH,5
IH,6
IH,2
IH,3
IH,4
IH,8
IH,9
IH,9
IH,7
IH,3
IH,2
IH,9
IH,2
IH,3
IH,10
IH,13
JH,1
JH,6
JH,5
JH,7
JH,8
JH,3
JH,2
JH,4
JH,9
JH,9
JH,10
JH,13
KH,1
KH,5
KH,6
KH,7
KH,3
KH,4
KH,2
KH,8
KH,9
KH,3
KH,2
KH,10
LH,1
LH,5
LH,6
LH,3
LH,2
LH,9
LH,2
LH,3
LH,3
LH,2
LH,3
LH,2
LH,2
LH,3
LH,3
LH,2
LH,10
MH,1
MH,5
MH,6
MH,3
MH,2
NH,1
NH,5
NH,6
NH,3
NH,4
NH,2
NH,7
NH,8
NH,9
NH,2
NH,3
NH,10
NH,13
OH,1
OH,5
OH,6
OH,3
OH,2
OH,4
OH,8
OH,7
OH,9
OH,2
OH,3
OH,9
OH,2
OH,3
OH,10
OH,13
PH,1
PH,3
PH,4
PH,2
PH,7
PH,5
PH,6
PH,8
QH,1
QH,5
QH,6
QH,2
QH,3
QH,14
QH,3
QH,2
QH,4
QH,2
QH,2
QH,2
QH,2
QH,4
QH,4
QH,2
QH,3
QH,2
QH,4
QH,2
QH,3
QH,4
QH,11
RH,1
RH,5
RH,6
RH,2
RH,2
SH,1
SH,5
SH,6
SH,2
SH,4
SH,3
SH,8
SH,9
SH,3
SH,2
SH,10
SH,13
TH,1
TH,5
TH,3
TH,4
TH,2
TH,7
TH,6
TH,8
TH,9
TH,3
TH,4
TH,3
TH,10
UH,1
UH,5
UH,6
VH,1
VH,5
VH,6
VH,2
VH,3
WH,1
WH,5
WH,6
WH,3
WH,2
XH,1
XH,5
XH,6
XH,3
XH,2
XH,4
XH,8
XH,7
XH,9
XH,3
XH,2
XH,3
XH,2
XH,3
XH,2
XH,3
XH,2
XH,9
XH,2
XH,3
XH,2
XH,10
YH,1
YH,5
YH,6
YH,3
YH,2
YH,9
YH,10
ZH,1
ZH,5
ZH,6
ZH,2
ZH,3
ZH,4
ZH,7
ZH,8
ZH,9
ZH,3
ZH,9
ZH,3
ZH,10
AI,1
AI,5
AI,6
AI,4
AI,3
AI,2
AI,7
AI,8
AI,9
AI,3
AI,2
AI,2
AI,3
AI,10
AI,13
BI,1
BI,5
BI,3
BI,2
BI,6
BI,8
BI,9
BI,4
BI,9
BI,11
CI,1
CI,5
CI,6
CI,7
CI,8
CI,4
CI,2
CI,3
CI,9
CI,2
CI,3
CI,9
CI,10
DI,1
DI,5
DI,6
DI,4
DI,3
DI,2
DI,7
DI,8
DI,9
DI,2
DI,3
DI,10
EI,1
EI,5
EI,6
EI,4
EI,3
EI,2
EI,8
EI,9
EI,9
EI,3
EI,2
EI,3
EI,15
EI,13
FI,1
FI,5
FI,6
FI,3
FI,4
FI,2
FI,7
FI,8
GI,2
GI,1
GI,5
GI,6
GI,3
GI,4
GI,2
GI,8
GI,9
GI,9
GI,2
GI,10
HI,1
HI,5
HI,6
HI,4
HI,3
HI,2
HI,9
HI,10
HI,13
II,1
II,5
II,2
II,4
II,3
II,6
II,7
II,8
II,9
II,3
II,2
II,10
II,13
JI,1
JI,5
JI,6
JI,7
JI,8
JI,2
JI,4
JI,3
KI,1
KI,5
KI,4
KI,2
KI,3
KI,6
KI,7
KI,8
KI,9
KI,3
KI,2
KI,9
KI,2
KI,3
KI,10
KI,13
LI,1
LI,5
LI,6
LI,4
LI,2
LI,3
LI,7
LI,8
LI,9
LI,9
LI,2
LI,3
LI,10
LI,13
MI,1
MI,5
MI,6
MI,7
MI,2
MI,4
MI,3
MI,8
NI,1
NI,5
NI,3
NI,4
NI,2
NI,6
NI,7
NI,8
NI,9
NI,3
NI,2
NI,2
NI,3
NI,10
NI,13
OI,1
OI,5
OI,6
OI,4
OI,3
OI,2
PI,1
PI,5
PI,6
PI,3
PI,2
PI,4
PI,9
PI,7
PI,8
PI,3
PI,10
QI,1
QI,5
QI,6
QI,4
QI,2
QI,3
QI,9
QI,9
QI,10
RI,1
RI,5
RI,6
RI,7
RI,3
RI,4
RI,2
RI,8
RI,9
RI,2
RI,3
RI,9
RI,3
RI,2
RI,10
RI,13
SI,1
SI,5
SI,6
SI,4
SI,2
SI,3
SI,7
SI,8
SI,9
SI,3
SI,2
SI,9
SI,3
SI,2
SI,2
SI,3
SI,3
SI,10
TI,1
TI,5
TI,6
TI,3
TI,2
TI,4
TI,9
TI,9
TI,3
TI,2
TI,2
TI,3
TI,2
TI,3
TI,2
TI,3
TI,3
TI,2
TI,2
TI,3
TI,12
UI,1
UI,5
UI,6
UI,4
UI,3
UI,2
UI,8
UI,9
UI,7
UI,3
UI,2
UI,3
UI,2
UI,10
VI,1
VI,5
VI,6
VI,7
VI,8
VI,4
VI,3
VI,2
VI,9
VI,9
VI,2
VI,3
VI,3
VI,3
VI,2
VI,3
VI,10
VI,13
WI,1
WI,5
WI,6
WI,3
WI,2
WI,9
WI,3
WI,10
WI,13
XI,1
XI,5
XI,3
XI,2
XI,4
XI,6
XI,7
XI,8
XI,9
XI,14
XI,3
XI,4
XI,2
XI,4
XI,2
XI,3
XI,4
XI,14
XI,4
XI,3
XI,2
XI,4
XI,2
XI,3
XI,2
XI,3
XI,4
XI,9
XI,3
XI,2
XI,3
XI,2
XI,3
XI,2
XI,9
XI,3
XI,2
XI,10
XI,13
YI,1
YI,5
YI,6
YI,4
YI,2
YI,3
YI,7
YI,8
YI,9
YI,3
YI,2
YI,2
YI,3
YI,10
ZI,1
ZI,5
ZI,6
ZI,7
ZI,8
ZI,3
ZI,2
ZI,4
ZI,9
ZI,2
ZI,2
ZI,2
ZI,3
ZI,9
ZI,2
ZI,3
ZI,3
ZI,10
AJ,1
AJ,5
AJ,6
AJ,2
AJ,3
AJ,4
AJ,7
AJ,8
AJ,9
AJ,2
AJ,3
AJ,3
AJ,2
AJ,2
AJ,3
AJ,2
AJ,9
AJ,3
AJ,2
AJ,2
AJ,2
AJ,3
AJ,3
AJ,2
AJ,10
BJ,1
BJ,5
BJ,6
BJ,2
BJ,3
BJ,4
BJ,7
BJ,8
BJ,14
BJ,4
BJ,2
BJ,3
BJ,4
BJ,3
BJ,4
BJ,2
BJ,9
BJ,3
BJ,2
BJ,3
BJ,10
CJ,2
CJ,3
CJ,1
CJ,5
CJ,6
CJ,4
CJ,2
CJ,3
CJ,7
CJ,8
CJ,9
CJ,2
CJ,3
CJ,4
CJ,2
CJ,3
CJ,9
CJ,9
CJ,3
CJ,2
CJ,3
CJ,2
CJ,3
CJ,9
CJ,11
DJ,1
DJ,5
DJ,3
DJ,2
DJ,4
DJ,6
DJ,7
DJ,8
DJ,14
DJ,4
DJ,3
DJ,2
DJ,2
DJ,3
DJ,4
DJ,3
DJ,4
DJ,2
DJ,9
DJ,2
DJ,3
DJ,10
DJ,13
EJ,1
EJ,5
EJ,2
EJ,3
EJ,4
EJ,6
EJ,8
EJ,9
EJ,3
EJ,2
EJ,10
FJ,1
FJ,5
FJ,4
FJ,3
FJ,2
FJ,6
FJ,7
FJ,8
FJ,9
FJ,3
FJ,2
FJ,10
FJ,13
GJ,1
GJ,5
GJ,6
GJ,7
GJ,8
GJ,3
GJ,4
GJ,2
GJ,14
GJ,2
GJ,3
GJ,4
GJ,4
GJ,3
GJ,2
GJ,4
GJ,2
GJ,3
GJ,9
GJ,10
GJ,13
HJ,1
HJ,5
HJ,6
HJ,2
HJ,3
HJ,4
HJ,7
HJ,8
HJ,9
HJ,3
HJ,2
HJ,3
HJ,2
HJ,3
HJ,10
IJ,1
IJ,5
IJ,6
IJ,2
IJ,3
IJ,4
IJ,7
IJ,8
IJ,9
IJ,9
IJ,9
IJ,3
IJ,2
IJ,3
IJ,2
IJ,10
JJ,1
JJ,5
JJ,6
JJ,2
JJ,3
JJ,4
JJ,7
JJ,8
JJ,9
JJ,2
JJ,3
JJ,10
KJ,1
KJ,5
KJ,6
KJ,2
KJ,3
KJ,4
KJ,8
KJ,9
KJ,4
KJ,10
LJ,1
LJ,5
LJ,6
LJ,4
LJ,3
LJ,2
LJ,7
LJ,8
LJ,9
LJ,2
LJ,3
LJ,3
LJ,2
LJ,9
LJ,3
LJ,2
LJ,3
LJ,9
LJ,9
LJ,3
LJ,3
LJ,2
LJ,3
LJ,2
LJ,3
LJ,3
LJ,2
LJ,3
LJ,3
LJ,9
LJ,15
MJ,1
MJ,5
MJ,2
MJ,3
MJ,6
MJ,7
MJ,8
MJ,9
MJ,9
MJ,3
MJ,2
MJ,3
MJ,10
NJ,1
NJ,5
NJ,3
NJ,4
NJ,2
NJ,6
NJ,7
NJ,8
NJ,9
NJ,9
NJ,2
NJ,3
NJ,10
NJ,13
OJ,1
OJ,2
OJ,3
OJ,4
OJ,5
OJ,6
OJ,8
OJ,14
OJ,4
OJ,2
OJ,3
OJ,4
OJ,2
OJ,3
OJ,3
OJ,2
OJ,4
OJ,9
OJ,2
OJ,3
OJ,2
OJ,3
OJ,10
PJ,1
PJ,5
PJ,6
PJ,2
PJ,3
PJ,4
PJ,7
PJ,8
PJ,9
PJ,4
PJ,3
PJ,3
PJ,4
PJ,2
PJ,2
PJ,3
PJ,2
PJ,3
PJ,11
QJ,1
QJ,5
QJ,6
QJ,2
QJ,3
QJ,4
QJ,8
QJ,7
QJ,9
QJ,2
QJ,3
QJ,2
QJ,3
QJ,10
RJ,1
RJ,5
RJ,6
RJ,4
RJ,3
RJ,2
RJ,8
SJ,1
SJ,5
SJ,4
SJ,3
SJ,2
SJ,7
SJ,6
SJ,9
SJ,8
SJ,3
SJ,3
SJ,2
SJ,3
SJ,2
SJ,10
SJ,13
TJ,7
TJ,1
TJ,5
TJ,6
TJ,8
TJ,2
TJ,4
TJ,3
TJ,9
TJ,2
TJ,3
TJ,2
TJ,3
TJ,10
TJ,13
UJ,1
UJ,5
UJ,6
UJ,2
UJ,4
UJ,3
UJ,7
UJ,8
UJ,9
UJ,2
UJ,2
UJ,3
UJ,3
UJ,3
UJ,10
UJ,13
VJ,1
VJ,5
VJ,6
VJ,4
VJ,3
VJ,2
VJ,7
VJ,8
VJ,9
VJ,9
VJ,3
VJ,2
VJ,10
XJ,1
XJ,5
XJ,6
XJ,4
XJ,2
XJ,3
XJ,7
XJ,8
XJ,9
XJ,2
XJ,2
XJ,10
XJ,13
YJ,1
YJ,5
YJ,6
YJ,3
YJ,2
YJ,9
YJ,2
YJ,3
YJ,9
YJ,2
YJ,3
YJ,10
ZJ,1
ZJ,5
ZJ,6
ZJ,7
ZJ,8
ZJ,4
ZJ,2
ZJ,3
ZJ,9
ZJ,2
ZJ,3
ZJ,9
ZJ,3
ZJ,2
ZJ,3
ZJ,10
AK,1
AK,5
AK,6
AK,7
AK,2
AK,3
AK,4
AK,8
AK,9
AK,3
AK,2
BK,1
BK,5
BK,6
BK,7
BK,8
BK,3
BK,2
BK,4
BK,9
BK,3
BK,2
BK,10
BK,13
CK,1
CK,5
CK,6
CK,3
CK,2
DK,1
DK,4
DK,2
DK,3
DK,5
DK,6
DK,8
DK,7
DK,9
DK,3
DK,2
DK,10
DK,13
EK,1
EK,5
EK,6
EK,7
EK,2
EK,3
EK,4
EK,8
EK,14
EK,2
EK,3
EK,4
EK,3
EK,4
EK,2
EK,2
EK,4
EK,3
EK,9
EK,11
FK,1
FK,5
FK,6
FK,7
FK,8
FK,2
FK,3
FK,4
FK,9
FK,3
FK,3
FK,2
FK,2
FK,3
FK,3
FK,2
FK,10
GK,2
GK,3
GK,1
GK,5
GK,6
GK,7
GK,4
GK,2
GK,3
GK,8
GK,9
GK,2
GK,3
GK,9
GK,3
GK,2
GK,2
GK,2
GK,3
GK,2
GK,2
GK,2
GK,2
GK,2
GK,3
GK,2
GK,2
GK,2
GK,2
GK,2
GK,2
GK,3
GK,3
GK,2
GK,2
GK,3
GK,2
GK,3
GK,3
GK,2
GK,2
GK,3
GK,2
GK,2
GK,3
GK,2
GK,3
GK,2
GK,3
GK,2
GK,2
GK,2
GK,3
GK,3
GK,2
GK,3
GK,2
GK,2
GK,3
GK,2
GK,14
GK,2
GK,3
GK,4
GK,3
GK,4
GK,2
GK,4
GK,2
GK,3
GK,2
GK,3
GK,4
GK,9
GK,2
GK,2
GK,2
GK,2
GK,3
GK,2
GK,2
GK,3
GK,2
GK,2
GK,3
GK,3
GK,2
GK,15
HK,1
HK,5
HK,6
HK,3
HK,4
HK,2
HK,7
HK,8
HK,9
HK,12
IK,1
IK,5
IK,6
IK,2
IK,3
IK,4
JK,1
JK,5
JK,6
JK,2
JK,3
JK,4
JK,8
JK,7
JK,14
JK,3
JK,4
JK,2
JK,4
JK,4
JK,4
JK,3
JK,4
JK,2
JK,4
JK,4
JK,4
JK,4
JK,4
JK,2
JK,3
JK,9
JK,3
JK,2
JK,2
JK,3
JK,10
KK,1
KK,5
KK,4
KK,2
KK,3
KK,6
KK,7
KK,8
KK,9
KK,3
KK,2
KK,3
KK,2
KK,10
LK,1
LK,5
LK,6
LK,3
LK,4
LK,2
LK,7
LK,8
LK,9
LK,3
LK,2
LK,10
MK,1
MK,5
MK,6
MK,2
MK,3
MK,4
MK,7
MK,8
MK,14
MK,4
MK,2
MK,3
MK,2
MK,3
MK,4
MK,9
MK,2
MK,3
MK,3
MK,2
MK,2
MK,2
MK,3
MK,2
MK,3
MK,10
MK,13
NK,1
NK,5
NK,6
NK,3
NK,4
NK,2
NK,7
NK,8
NK,9
NK,2
NK,3
NK,3
NK,2
NK,2
NK,3
NK,3
NK,3
NK,10
OK,1
OK,5
OK,6
OK,4
OK,3
OK,2
OK,8
OK,7
OK,9
OK,2
OK,3
OK,2
OK,2
OK,3
OK,3
OK,2
OK,2
OK,10
OK,13
PK,1
PK,5
PK,6
PK,4
PK,2
PK,3
PK,7
PK,8
PK,9
PK,3
PK,2
PK,2
PK,3
PK,2
PK,3
PK,2
PK,2
PK,3
PK,2
PK,2
PK,3
PK,10
PK,13
QK,2
QK,3
QK,1
QK,5
QK,6
QK,8
QK,9
QK,2
QK,3
QK,2
QK,3
QK,3
QK,3
QK,2
QK,3
QK,10
RK,1
RK,5
RK,6
RK,7
RK,8
RK,4
RK,2
RK,3
RK,9
RK,3
RK,2
RK,2
RK,3
RK,2
RK,10
SK,1
SK,5
SK,4
SK,3
SK,2
SK,6
SK,7
SK,8
SK,9
SK,3
SK,2
SK,2
SK,3
SK,9
SK,2
SK,3
SK,2
SK,2
SK,3
SK,2
SK,3
SK,2
SK,3
SK,2
SK,3
SK,3
SK,2
SK,3
SK,2
SK,3
SK,12
SK,13
TK,1
TK,5
TK,6
TK,3
TK,2
UK,1
UK,5
UK,6
UK,2
UK,3
UK,4
UK,9
UK,2
UK,3
UK,9
UK,3
UK,2
UK,2
UK,3
UK,2
UK,3
UK,10
UK,13
VK,1
VK,5
VK,4
VK,3
VK,2
VK,6
VK,7
VK,8
VK,9
VK,2
VK,3
VK,3
VK,2
VK,9
VK,2
VK,3
VK,9
VK,2
VK,3
VK,10
WK,2
WK,3
WK,1
WK,5
WK,6
WK,8
WK,9
WK,10
XK,1
XK,5
XK,6
XK,2
XK,4
XK,3
YK,1
YK,5
YK,6
YK,4
YK,3
YK,2
YK,7
YK,8
YK,9
YK,3
YK,2
YK,2
YK,3
YK,3
YK,2
YK,10
YK,13
ZK,1
ZK,5
ZK,6
ZK,7
ZK,2
ZK,3
ZK,8
ZK,9
ZK,3
ZK,2
ZK,10
AL,1
AL,5
AL,4
AL,2
AL,3
AL,6
AL,7
AL,2
AL,8
AL,9
AL,9
AL,2
AL,3
AL,3
AL,2
AL,2
AL,3
AL,10
AL,13
BL,1
BL,5
BL,6
BL,2
BL,3
BL,8
BL,9
BL,9
BL,9
BL,3
BL,10
CL,1
CL,5
CL,6
CL,2
DL,1
DL,5
DL,6
DL,2
DL,3
DL,4
DL,8
DL,7
DL,9
DL,2
DL,10
EL,1
EL,5
EL,6
EL,7
EL,2
EL,4
EL,3
EL,8
EL,9
EL,9
EL,2
EL,2
EL,3
EL,10
FL,1
FL,5
FL,6
FL,2
FL,4
FL,3
FL,9
FL,7
FL,8
GL,1
GL,5
GL,6
GL,4
GL,2
GL,3
GL,8
GL,9
GL,9
GL,3
GL,2
GL,3
GL,2
GL,10
GL,13
HL,1
HL,5
HL,6
HL,3
HL,4
HL,2
HL,7
HL,8
HL,9
HL,2
HL,3
HL,2
HL,3
HL,10
HL,13
IL,1
IL,5
IL,6
IL,8
IL,2
IL,3
IL,4
IL,7
IL,9
IL,3
IL,2
IL,3
IL,10
JL,1
JL,5
JL,6
JL,4
JL,3
JL,2
JL,7
JL,8
JL,9
JL,10
KL,1
KL,5
KL,2
KL,3
KL,6
LL,1
LL,5
LL,6
LL,4
LL,2
LL,3
LL,8
LL,7
LL,9
LL,2
LL,2
LL,3
LL,2
LL,2
LL,3
LL,2
LL,3
LL,3
LL,2
LL,2
LL,3
LL,10
ML,1
ML,5
ML,6
ML,2
ML,4
ML,3
ML,7
ML,8
ML,9
ML,3
ML,2
ML,2
ML,3
ML,14
ML,2
ML,3
ML,4
ML,4
ML,3
ML,2
ML,4
ML,2
ML,3
ML,9
ML,2
ML,2
ML,3
ML,10
ML,13
NL,1
NL,5
NL,6
NL,3
NL,2
NL,4
OL,1
OL,5
OL,6
OL,3
OL,2
OL,9
OL,2
OL,3
OL,3
OL,2
OL,10
OL,13
PL,1
PL,4
PL,2
PL,3
PL,5
PL,6
QL,1
QL,5
QL,6
QL,3
QL,4
QL,2
RL,1
RL,5
RL,6
RL,2
RL,3
RL,9
RL,10
SL,1
SL,5
SL,2
SL,3
SL,4
SL,6
SL,8
SL,7
SL,9
SL,9
SL,3
SL,2
SL,2
SL,3
SL,10
SL,13
TL,1
TL,5
TL,6
TL,7
TL,8
TL,3
TL,2
TL,4
TL,9
TL,2
TL,3
TL,9
TL,2
TL,3
TL,2
TL,3
TL,10
UL,1
UL,2
UL,4
UL,3
UL,5
UL,6
UL,8
VL,1
VL,5
VL,6
VL,2
VL,3
VL,4
VL,7
VL,8
VL,9
VL,2
VL,3
VL,3
VL,2
VL,10
WL,3
WL,2
WL,1
WL,5
WL,6
WL,9
WL,3
WL,3
WL,10
XL,1
XL,5
XL,6
XL,3
XL,4
XL,2
XL,7
XL,8
XL,9
XL,2
XL,2
XL,3
XL,10
XL,13
YL,1
YL,5
YL,4
YL,3
YL,2
YL,6
YL,7
YL,8
YL,9
YL,2
YL,3
YL,4
YL,3
YL,2
YL,2
YL,3
YL,10
YL,13
ZL,1
ZL,5
ZL,6
ZL,7
ZL,8
ZL,2
ZL,4
ZL,3
ZL,9
ZL,2
ZL,3
ZL,10
ZL,13
AM,1
AM,5
AM,6
AM,2
AM,3
BM,1
BM,5
BM,2
BM,3
BM,6
BM,7
BM,8
BM,11
BM,9
CM,1
CM,5
CM,6
CM,4
CM,2
CM,3
CM,8
CM,9
CM,3
CM,2
CM,9
CM,2
CM,3
CM,3
CM,10
DM,1
DM,5
DM,3
DM,4
DM,2
DM,6
DM,7
DM,8
EM,1
EM,5
EM,6
EM,4
EM,2
EM,3
EM,7
EM,8
EM,14
EM,2
EM,4
EM,3
EM,2
EM,3
EM,4
EM,4
EM,4
EM,3
EM,2
EM,9
EM,2
EM,3
EM,2
EM,3
EM,3
EM,2
EM,3
EM,10
EM,13
FM,1
FM,6
FM,5
FM,8
FM,2
FM,3
FM,7
FM,9
FM,3
FM,2
FM,3
FM,2
FM,3
FM,3
FM,2
FM,10
GM,1
GM,5
GM,6
GM,8
GM,2
GM,4
GM,3
GM,7
GM,9
GM,2
GM,3
GM,9
GM,12
HM,2
HM,3
HM,1
HM,5
HM,6
HM,9
HM,3
HM,2
HM,9
HM,3
HM,2
HM,3
HM,2
HM,3
HM,12
IM,1
IM,6
IM,5
IM,3
IM,2
IM,4
IM,4
IM,7
IM,8
IM,14
IM,4
IM,2
IM,3
IM,4
IM,3
IM,4
IM,2
IM,9
IM,2
IM,3
IM,2
IM,2
IM,3
IM,2
IM,3
IM,2
IM,3
IM,2
IM,3
IM,2
IM,3
IM,2
IM,2
IM,3
IM,2
IM,3
IM,10
JM,1
JM,5
JM,6
JM,4
JM,3
JM,2
JM,9
JM,9
JM,2
JM,3
JM,3
JM,2
JM,16
KM,1
KM,5
KM,6
KM,7
KM,4
KM,3
KM,2
KM,8
KM,9
KM,2
KM,3
KM,14
KM,3
KM,2
KM,4
KM,2
KM,2
KM,4
KM,2
KM,3
KM,4
KM,3
KM,2
KM,4
KM,3
KM,4
KM,2
KM,3
KM,4
KM,2
KM,4
KM,2
KM,3
KM,3
KM,2
KM,4
KM,3
KM,2
KM,4
KM,4
KM,2
KM,3
KM,4
KM,3
KM,2
KM,2
KM,3
KM,4
KM,3
KM,2
KM,4
KM,3
KM,2
KM,4
KM,4
KM,2
KM,3
KM,4
KM,3
KM,2
KM,4
KM,2
KM,3
KM,2
KM,3
KM,2
KM,4
KM,2
KM,4
KM,3
KM,4
KM,2
KM,3
KM,3
KM,4
KM,2
KM,3
KM,2
KM,4
KM,3
KM,4
KM,2
KM,14
KM,3
KM,4
KM,2
KM,2
KM,2
KM,3
KM,4
KM,4
KM,3
KM,4
KM,2
KM,3
KM,2
KM,4
KM,3
KM,4
KM,2
KM,3
KM,4
KM,2
KM,4
KM,3
KM,2
KM,4
KM,2
KM,3
KM,3
KM,2
KM,4
KM,2
KM,3
KM,4
KM,3
KM,2
KM,4
KM,4
KM,2
KM,3
KM,4
KM,2
KM,3
KM,4
KM,2
KM,3
KM,4
KM,3
KM,2
KM,4
KM,3
KM,2
KM,2
KM,3
KM,4
KM,4
KM,2
KM,3
KM,3
KM,4
KM,2
KM,2
KM,3
KM,4
KM,4
KM,3
KM,2
KM,3
KM,4
KM,2
KM,3
KM,4
KM,2
KM,2
KM,4
KM,3
KM,2
KM,4
KM,3
KM,3
KM,4
KM,2
KM,2
KM,9
KM,2
KM,3
KM,2
KM,10
KM,13
LM,1
LM,5
LM,6
LM,7
LM,4
LM,2
LM,3
LM,8
LM,14
LM,3
LM,2
LM,4
LM,2
LM,4
LM,3
LM,3
LM,2
LM,4
LM,4
LM,3
LM,2
LM,9
LM,2
LM,3
LM,3
LM,2
LM,3
LM,2
LM,3
LM,2
LM,2
LM,3
LM,3
LM,2
LM,10
MM,1
MM,5
MM,6
MM,3
MM,2
MM,9
MM,3
MM,2
MM,3
MM,2
MM,2
MM,2
MM,2
MM,2
MM,2
MM,2
MM,2
MM,2
MM,3
MM,10
NM,1
NM,5
NM,6
NM,4
NM,2
NM,3
NM,7
NM,8
NM,9
NM,9
NM,3
NM,3
NM,3
NM,10
NM,13
OM,1
OM,5
OM,6
OM,3
OM,2
OM,4
OM,7
OM,8
OM,9
OM,2
OM,4
OM,3
OM,9
OM,3
OM,2
OM,2
OM,3
OM,10
OM,13
PM,1
PM,5
PM,4
PM,3
PM,2
PM,6
PM,7
PM,8
QM,1
QM,5
QM,6
QM,4
QM,3
QM,2
QM,7
QM,8
QM,9
QM,2
QM,3
QM,10
RM,1
RM,5
RM,3
RM,2
RM,6
RM,9
RM,10
SM,1
SM,5
SM,6
SM,2
SM,4
SM,3
SM,8
SM,7
SM,14
SM,3
SM,4
SM,2
SM,4
SM,2
SM,4
SM,3
SM,2
SM,4
SM,4
SM,2
SM,3
SM,4
SM,9
SM,2
SM,3
SM,3
SM,3
SM,3
SM,2
SM,3
SM,2
SM,3
SM,2
SM,3
SM,2
SM,3
SM,2
SM,9
SM,10
SM,13
TM,1
TM,5
TM,6
TM,2
TM,3
TM,8
TM,7
UM,1
UM,5
UM,7
UM,2
UM,3
UM,2
UM,4
UM,6
UM,8
VM,1
VM,5
VM,6
VM,2
VM,3
VM,7
VM,8
VM,9
VM,3
VM,2
VM,3
VM,2
VM,3
VM,2
VM,10
WM,1
WM,5
WM,6
WM,7
WM,3
WM,4
WM,2
WM,8
WM,9
WM,2
WM,3
WM,2
WM,3
WM,2
WM,10
WM,13
XM,1
XM,5
XM,6
XM,3
XM,4
XM,2
XM,7
XM,8
XM,9
XM,9
XM,3
XM,2
XM,3
XM,2
XM,3
XM,2
XM,10
XM,13
YM,1
YM,7
YM,5
YM,6
YM,4
YM,2
YM,3
YM,8
YM,9
YM,2
YM,3
YM,10
YM,13
ZM,1
ZM,5
ZM,6
ZM,4
ZM,3
ZM,2
ZM,7
ZM,8
ZM,9
ZM,3
ZM,2
ZM,3
ZM,9
ZM,3
ZM,2
ZM,3
ZM,3
ZM,2
ZM,2
ZM,2
ZM,3
ZM,3
ZM,2
ZM,3
ZM,3
ZM,2
ZM,2
ZM,10
AN,1
AN,5
AN,6
AN,3
AN,2
AN,4
AN,8
AN,7
BN,1
BN,5
BN,6
BN,3
BN,4
BN,2
BN,7
BN,8
BN,9
BN,2
BN,3
BN,3
BN,2
BN,3
BN,2
BN,2
BN,3
BN,3
BN,2
BN,2
BN,3
BN,3
BN,2
BN,3
BN,3
BN,10
CN,1
CN,5
CN,6
CN,2
CN,3
CN,4
CN,8
CN,7
CN,9
CN,9
CN,11
DN,1
DN,5
DN,6
DN,3
DN,2
EN,1
EN,5
EN,6
EN,3
EN,4
EN,2
EN,7
EN,8
FN,1
FN,7
FN,5
FN,6
FN,3
FN,4
FN,2
FN,8
FN,9
FN,2
FN,9
FN,4
FN,3
FN,2
FN,4
FN,2
FN,3
FN,2
FN,3
FN,4
FN,3
FN,2
FN,11
GN,1
GN,5
GN,6
GN,4
GN,2
GN,3
GN,7
GN,8
GN,9
GN,2
GN,3
GN,9
GN,2
GN,3
GN,4
GN,3
GN,2
GN,9
GN,2
GN,14
GN,3
GN,4
GN,2
GN,2
GN,2
GN,3
GN,4
GN,2
GN,9
GN,2
GN,3
GN,2
GN,2
GN,2
GN,2
GN,3
GN,2
GN,3
GN,2
GN,15
GN,13
HN,1
HN,5
HN,6
HN,7
HN,2
HN,3
HN,4
HN,8
HN,9
HN,9
HN,3
HN,2
HN,2
HN,3
HN,3
HN,2
HN,10
HN,13
IN,1
IN,5
IN,6
IN,4
IN,3
IN,2
IN,7
IN,8
IN,9
IN,2
IN,3
JN,1
JN,5
JN,3
JN,4
JN,2
JN,6
JN,7
JN,8
JN,9
JN,3
JN,2
JN,10
KN,1
KN,7
KN,5
KN,6
KN,3
KN,4
KN,2
KN,8
KN,9
KN,9
KN,2
KN,3
KN,9
KN,10
LN,1
LN,5
LN,6
LN,7
LN,8
LN,2
LN,3
LN,4
LN,9
LN,3
LN,2
LN,2
LN,3
LN,10
LN,13
MN,3
MN,2
MN,1
MN,5
MN,6
MN,9
MN,3
MN,2
MN,14
MN,2
MN,3
MN,4
MN,2
MN,2
MN,14
MN,2
MN,3
MN,4
MN,2
MN,2
MN,2
MN,4
MN,3
MN,2
MN,4
MN,2
MN,3
MN,3
MN,4
MN,2
MN,9
MN,10
MN,13
NN,1
NN,5
NN,6
NN,8
NN,3
NN,2
NN,9
NN,2
NN,3
NN,7
NN,3
NN,2
NN,10
ON,1
ON,5
ON,4
ON,2
ON,3
ON,6
ON,7
ON,8
ON,9
ON,2
ON,3
ON,9
ON,3
ON,2
ON,10
PN,2
PN,1
PN,5
PN,6
PN,2
PN,3
QN,1
QN,5
QN,6
QN,7
QN,8
QN,2
QN,3
QN,4
QN,9
QN,3
QN,2
QN,9
QN,2
QN,3
QN,2
QN,10
RN,1
RN,5
RN,2
RN,4
RN,3
RN,6
RN,7
RN,8
RN,9
RN,3
RN,2
RN,2
RN,3
RN,2
RN,3
RN,3
RN,2
RN,3
RN,2
RN,11
SN,1
SN,5
SN,6
SN,2
SN,3
SN,4
SN,7
SN,8
TN,1
TN,5
TN,6
TN,4
TN,2
TN,3
TN,9
TN,9
TN,8
TN,7
TN,3
TN,2
TN,3
TN,2
TN,3
TN,3
TN,2
TN,9
TN,14
TN,4
TN,2
TN,3
TN,3
TN,2
TN,4
TN,9
TN,10
UN,1
UN,5
UN,6
UN,2
UN,3
VN,1
VN,5
VN,6
VN,4
VN,2
VN,3
VN,8
VN,7
VN,9
VN,14
VN,4
VN,3
VN,2
VN,3
VN,2
VN,4
VN,3
VN,2
VN,4
VN,9
VN,3
VN,2
VN,3
VN,2
VN,3
VN,2
VN,10
VN,13
WN,1
WN,5
WN,6
WN,2
WN,4
WN,3
WN,7
WN,8
WN,9
WN,2
WN,3
WN,3
WN,2
WN,2
WN,2
WN,3
WN,2
WN,3
WN,2
WN,2
WN,3
WN,15
WN,13
XN,1
XN,2
XN,3
XN,4
XN,5
XN,6
XN,7
XN,8
XN,9
XN,9
XN,3
XN,2
XN,3
XN,2
XN,10
XN,13
YN,3
YN,2
YN,1
YN,2
YN,3
YN,5
YN,6
ZN,1
ZN,5
ZN,6
ZN,2
ZN,3
AO,1
AO,5
AO,6
AO,2
AO,9
AO,10
AO,13
BO,1
BO,5
BO,6
BO,4
BO,2
BO,3
CO,1
CO,3
CO,2
CO,5
CO,6
CO,8
CO,9
CO,10
DO,1
DO,5
DO,7
DO,2
DO,3
DO,4
DO,6
DO,8
DO,9
DO,2
DO,3
DO,9
DO,3
DO,2
DO,10
DO,13
EO,1
EO,5
EO,6
EO,4
EO,2
EO,3
EO,7
EO,8
EO,9
EO,2
EO,3
EO,2
EO,3
EO,10
EO,13
FO,1
FO,2
FO,3
FO,4
FO,5
FO,6
FO,8
FO,7
FO,9
FO,14
FO,4
FO,3
FO,2
FO,4
FO,3
FO,2
FO,2
FO,3
FO,4
FO,3
FO,2
FO,4
FO,3
FO,4
FO,2
FO,9
FO,3
FO,10
GO,1
GO,5
GO,6
GO,2
GO,3
GO,4
GO,7
GO,8
GO,9
GO,14
GO,3
GO,4
GO,2
GO,3
GO,4
GO,2
GO,9
GO,3
GO,2
GO,10
HO,1
HO,5
HO,6
HO,2
HO,3
HO,4
HO,7
HO,8
HO,9
HO,3
HO,2
HO,4
HO,3
HO,2
HO,3
HO,2
HO,2
HO,3
HO,2
HO,3
HO,2
HO,3
HO,2
HO,3
HO,10
IO,1
IO,5
IO,6
IO,7
IO,4
IO,2
IO,3
IO,8
IO,9
IO,9
IO,3
IO,2
IO,3
IO,2
IO,3
IO,10
IO,13
JO,1
JO,5
JO,6
JO,7
JO,2
JO,3
JO,4
JO,8
JO,9
JO,9
JO,10
JO,13
KO,1
KO,5
KO,6
KO,7
KO,2
KO,3
KO,8
KO,9
KO,3
KO,2
KO,3
KO,2
KO,2
KO,3
KO,10
KO,13
LO,1
LO,5
LO,6
LO,2
LO,3
LO,4
LO,7
LO,8
MO,1
MO,5
MO,2
MO,3
MO,4
MO,7
MO,9
MO,6
MO,8
MO,10
NO,1
NO,5
NO,6
NO,7
NO,4
NO,3
NO,2
NO,8
NO,9
NO,9
NO,2
NO,3
NO,10
OO,1
OO,5
OO,6
OO,2
OO,3
OO,4
OO,8
OO,9
OO,2
OO,3
OO,10
PO,1
PO,5
PO,6
PO,2
PO,4
PO,3
PO,8
PO,9
PO,2
PO,3
PO,3
PO,2
PO,10
QO,1
QO,5
QO,6
QO,7
QO,2
QO,4
QO,3
QO,8
QO,9
QO,2
QO,3
QO,10
QO,13
RO,1
RO,6
RO,5
RO,3
RO,2
RO,7
RO,8
RO,4
RO,14
RO,2
RO,3
RO,2
RO,4
RO,2
RO,3
RO,4
RO,2
SO,1
SO,5
SO,2
SO,3
SO,4
SO,6
SO,7
SO,8
SO,9
SO,2
SO,3
SO,3
SO,3
SO,2
SO,10
SO,13
TO,1
TO,5
TO,6
TO,4
TO,2
TO,3
TO,7
TO,8
TO,14
TO,4
TO,4
TO,2
TO,4
TO,3
TO,4
TO,2
TO,4
TO,4
TO,2
TO,3
TO,4
TO,4
TO,3
TO,4
TO,2
TO,2
TO,3
TO,4
TO,2
TO,3
TO,4
TO,9
TO,10
TO,13
UO,1
UO,5
UO,6
UO,4
UO,2
UO,3
UO,9
VO,1
VO,5
VO,6
VO,7
VO,3
VO,2
VO,4
VO,8
VO,9
VO,3
VO,2
VO,2
VO,2
VO,3
VO,4
VO,4
VO,2
VO,3
VO,3
VO,2
VO,10
VO,13
WO,7
WO,1
WO,5
WO,6
WO,2
WO,3
WO,4
WO,8
WO,9
WO,2
WO,3
WO,4
WO,3
WO,2
WO,3
WO,2
WO,10
WO,13
XO,1
XO,5
XO,6
XO,8
XO,4
XO,2
XO,3
XO,9
XO,11
YO,1
YO,5
YO,6
YO,2
YO,3
YO,4
YO,7
YO,8
YO,9
YO,9
YO,3
YO,2
YO,4
YO,2
YO,2
YO,3
YO,3
YO,2
YO,2
YO,3
YO,2
YO,3
YO,3
YO,2
YO,2
YO,3
YO,10
ZO,1
ZO,5
ZO,6
ZO,7
ZO,8
ZO,3
ZO,4
ZO,2
ZO,9
ZO,3
ZO,2
ZO,10
AP,1
AP,5
AP,6
AP,7
AP,3
AP,2
AP,4
AP,8
AP,9
AP,3
AP,2
BP,1
BP,5
BP,6
BP,9
BP,14
BP,2
BP,3
BP,4
BP,2
BP,4
BP,3
BP,2
BP,3
BP,4
BP,9
BP,3
BP,2
BP,2
BP,3
BP,3
BP,2
BP,10
CP,1
CP,5
CP,6
CP,7
CP,8
CP,2
CP,4
CP,3
CP,9
CP,9
CP,2
CP,3
CP,3
CP,2
CP,12
DP,1
DP,5
DP,2
DP,3
DP,6
DP,7
DP,4
DP,8
DP,9
DP,3
DP,2
DP,3
DP,2
DP,10
EP,1
EP,5
EP,6
EP,7
EP,3
EP,4
EP,2
EP,8
FP,1
FP,5
FP,6
FP,3
FP,2
FP,8
GP,1
GP,5
GP,3
GP,2
GP,4
GP,9
GP,6
GP,7
GP,8
GP,10
HP,1
HP,5
HP,6
HP,4
HP,2
HP,3
HP,9
HP,9
HP,3
HP,2
HP,10
IP,1
IP,5
IP,6
IP,3
IP,2
IP,7
IP,8
IP,9
IP,2
IP,3
IP,9
IP,3
IP,2
IP,3
IP,10
IP,13
JP,1
JP,5
JP,6
JP,2
JP,3
KP,1
KP,7
KP,5
KP,4
KP,2
KP,3
KP,6
KP,8
KP,9
KP,10
LP,1
LP,6
LP,5
LP,7
LP,4
LP,3
LP,2
LP,8
LP,9
LP,3
LP,4
LP,2
LP,3
LP,2
LP,3
LP,2
LP,2
LP,3
LP,11
MP,1
MP,5
MP,6
MP,7
MP,3
MP,2
MP,4
MP,8
MP,9
MP,4
MP,3
MP,2
MP,3
MP,2
MP,4
MP,3
MP,2
MP,4
MP,2
MP,3
MP,10
MP,13
NP,1
NP,5
NP,6
NP,2
NP,4
NP,3
NP,7
NP,8
NP,9
NP,2
NP,3
NP,3
NP,2
NP,3
NP,10
NP,13
OP,1
OP,5
OP,6
OP,3
OP,4
OP,2
OP,7
OP,8
PP,1
PP,5
PP,6
PP,2
PP,3
QP,1
QP,5
QP,6
QP,4
QP,2
QP,3
QP,7
QP,8
QP,9
QP,3
QP,2
QP,9
QP,2
QP,3
QP,3
QP,2
QP,10
RP,1
RP,5
RP,2
RP,3
RP,6
RP,9
RP,2
RP,3
RP,2
RP,2
RP,3
RP,3
RP,2
RP,10
SP,1
SP,5
SP,6
TP,1
TP,5
TP,6
TP,2
TP,3
TP,4
TP,7
TP,8
TP,9
TP,2
TP,3
TP,9
TP,2
TP,3
TP,10
UP,1
UP,5
UP,6
UP,4
UP,3
UP,2
UP,7
UP,8
UP,9
UP,9
UP,10
VP,1
VP,5
VP,4
VP,3
VP,2
VP,6
VP,7
VP,8
VP,9
VP,9
VP,3
VP,2
VP,2
VP,3
VP,11
WP,1
WP,5
WP,6
WP,2
WP,3
WP,4
WP,7
WP,8
WP,14
WP,2
WP,3
WP,4
WP,9
WP,2
WP,3
WP,10
XP,1
XP,5
XP,6
XP,4
XP,2
XP,3
XP,7
XP,8
XP,9
XP,2
XP,9
XP,2
XP,10
YP,1
YP,5
YP,6
YP,3
YP,2
YP,4
YP,7
YP,8
YP,9
YP,3
YP,2
YP,2
YP,3
YP,9
YP,9
YP,2
YP,3
YP,2
YP,3
YP,2
YP,2
YP,3
YP,3
YP,2
YP,2
YP,3
YP,2
YP,2
YP,3
YP,11
ZP,1
ZP,7
ZP,6
ZP,8
ZP,5
ZP,4
ZP,2
ZP,3
ZP,9
ZP,2
ZP,3
ZP,10
AQ,1
AQ,5
AQ,6
AQ,2
AQ,3
AQ,4
AQ,7
AQ,8
AQ,9
AQ,3
AQ,2
AQ,3
AQ,2
AQ,10
BQ,1
BQ,5
BQ,6
BQ,3
BQ,2
BQ,4
BQ,7
BQ,8
BQ,9
BQ,3
BQ,2
BQ,10
CQ,1
CQ,6
CQ,8
CQ,5
CQ,3
CQ,2
CQ,4
CQ,7
CQ,9
CQ,3
CQ,2
CQ,9
CQ,10
DQ,1
DQ,5
DQ,6
DQ,3
DQ,4
DQ,2
DQ,7
DQ,8
EQ,1
EQ,5
EQ,6
EQ,2
EQ,3
EQ,4
EQ,7
EQ,8
EQ,9
EQ,9
EQ,3
EQ,2
EQ,2
EQ,3
EQ,2
EQ,2
EQ,3
EQ,3
EQ,2
EQ,3
EQ,2
EQ,2
EQ,2
EQ,3
EQ,2
EQ,3
EQ,3
EQ,2
EQ,10
EQ,13
FQ,1
FQ,5
FQ,3
FQ,2
FQ,4
FQ,6
FQ,9
FQ,11
GQ,1
GQ,5
GQ,6
GQ,2
GQ,4
GQ,3
GQ,8
GQ,9
GQ,3
GQ,10
HQ,1
HQ,5
HQ,6
HQ,2
HQ,3
HQ,4
HQ,7
HQ,8
HQ,9
HQ,9
HQ,2
HQ,3
HQ,10
IQ,1
IQ,5
IQ,6
IQ,2
IQ,3
IQ,4
IQ,7
IQ,8
IQ,9
IQ,2
IQ,3
IQ,10
IQ,13
JQ,1
JQ,5
JQ,3
JQ,2
JQ,4
JQ,6
JQ,7
JQ,8
JQ,9
JQ,2
JQ,2
JQ,2
JQ,3
JQ,3
JQ,2
JQ,2
JQ,3
JQ,11
KQ,1
KQ,5
KQ,3
KQ,2
KQ,6
KQ,9
KQ,3
KQ,2
KQ,3
KQ,10
KQ,13
LQ,1
LQ,5
LQ,6
LQ,4
LQ,2
LQ,3
LQ,7
LQ,8
LQ,9
LQ,4
LQ,3
LQ,2
LQ,9
LQ,3
LQ,4
LQ,2
LQ,2
LQ,3
LQ,3
LQ,10
LQ,13
MQ,1
MQ,5
MQ,6
MQ,4
MQ,3
MQ,2
MQ,8
MQ,9
MQ,3
MQ,2
MQ,9
MQ,3
MQ,3
MQ,2
MQ,10
MQ,13
NQ,1
NQ,5
NQ,6
NQ,3
NQ,2
OQ,1
OQ,5
OQ,6
OQ,8
OQ,2
OQ,4
OQ,3
OQ,9
OQ,3
OQ,3
OQ,2
OQ,10
PQ,1
PQ,5
PQ,6
PQ,9
PQ,10
QQ,1
QQ,5
QQ,6
QQ,4
QQ,2
QQ,3
QQ,8
QQ,9
QQ,3
QQ,10
RQ,1
RQ,5
RQ,6
RQ,7
RQ,8
RQ,3
RQ,4
RQ,2
SQ,1
SQ,5
SQ,6
SQ,2
SQ,3
SQ,14
SQ,2
SQ,2
SQ,2
SQ,3
SQ,3
SQ,11
TQ,1
TQ,5
TQ,6
TQ,7
TQ,4
TQ,2
TQ,3
TQ,8
TQ,9
TQ,2
TQ,3
TQ,2
TQ,3
TQ,10
TQ,13
UQ,1
UQ,5
UQ,6
UQ,4
UQ,2
UQ,3
UQ,9
UQ,9
UQ,3
UQ,2
UQ,10
UQ,13
VQ,1
VQ,5
VQ,6
VQ,3
VQ,2
VQ,4
VQ,7
VQ,8
VQ,9
VQ,3
VQ,2
VQ,15
WQ,1
WQ,5
WQ,6
WQ,4
WQ,2
WQ,3
WQ,7
WQ,8
WQ,9
WQ,2
WQ,3
WQ,10
WQ,13
XQ,1
XQ,5
XQ,6
XQ,2
XQ,3
XQ,4
XQ,7
XQ,8
XQ,9
XQ,9
XQ,2
XQ,3
XQ,10
XQ,13
YQ,1
YQ,5
YQ,6
YQ,2
YQ,4
YQ,3
YQ,7
YQ,8
YQ,9
YQ,3
YQ,2
YQ,10
ZQ,1
ZQ,5
ZQ,6
ZQ,2
ZQ,4
ZQ,3
ZQ,7
ZQ,8
ZQ,9
ZQ,2
ZQ,3
ZQ,3
ZQ,3
ZQ,2
ZQ,2
ZQ,3
ZQ,10
ZQ,13
ZQ,3
ZQ,4
ZQ,2
AR,1
AR,5
AR,6
AR,2
AR,4
AR,3
AR,7
AR,8
AR,9
AR,3
AR,2
AR,3
AR,2
AR,3
AR,2
AR,2
AR,3
AR,2
AR,3
AR,2
AR,3
AR,10
AR,13
BR,1
BR,5
BR,6
BR,7
BR,8
BR,3
BR,2
BR,4
BR,9
BR,10
BR,13
CR,1
CR,5
CR,6
CR,4
CR,3
CR,2
CR,7
CR,8
CR,9
CR,2
CR,3
CR,3
CR,2
CR,2
CR,3
CR,10
CR,13
DR,1
DR,5
DR,6
DR,2
DR,3
DR,4
DR,7
DR,8
DR,9
DR,2
DR,3
DR,9
DR,2
DR,3
DR,10
ER,1
ER,5
ER,6
ER,2
ER,4
ER,3
ER,7
ER,8
FR,1
FR,5
FR,6
FR,3
FR,4
FR,2
FR,7
FR,8
FR,9
GR,1
GR,5
GR,6
GR,2
GR,3
HR,1
HR,5
HR,6
HR,4
HR,3
HR,2
HR,8
HR,7
HR,9
HR,10
IR,1
IR,5
IR,6
IR,3
IR,2
IR,4
IR,7
IR,8
IR,5
JR,1
JR,5
JR,6
JR,4
JR,2
JR,3
JR,7
JR,8
JR,9
JR,3
JR,3
JR,2
JR,3
JR,2
JR,10
JR,13
KR,1
KR,5
KR,6
KR,2
KR,4
KR,3
KR,7
KR,8
KR,9
LR,1
LR,5
LR,6
LR,2
LR,3
LR,4
LR,8
LR,7
LR,9
LR,3
LR,2
LR,10
MR,1
MR,5
MR,6
MR,2
MR,4
MR,3
MR,8
MR,7
MR,9
MR,9
MR,9
MR,10
NR,1
NR,5
NR,6
NR,7
NR,8
NR,2
NR,3
NR,4
NR,9
NR,3
NR,2
NR,3
NR,2
NR,9
NR,3
NR,2
NR,3
NR,2
NR,11
OR,1
OR,5
OR,6
OR,3
OR,2
OR,4
OR,7
OR,8
OR,14
OR,3
OR,4
OR,2
OR,4
OR,4
OR,3
OR,2
OR,9
OR,3
OR,2
OR,3
OR,10
OR,13
PR,1
PR,5
PR,2
PR,3
PR,9
PR,6
PR,9
PR,2
PR,3
PR,2
PR,3
PR,2
PR,3
PR,12
QR,1
QR,5
QR,6
QR,3
QR,2
RR,7
RR,1
RR,5
RR,6
RR,2
RR,3
RR,4
RR,8
RR,9
RR,10
RR,13
SR,1
SR,5
SR,6
SR,7
SR,3
SR,4
SR,2
SR,8
SR,9
SR,3
SR,2
SR,3
SR,10
TR,1
TR,5
TR,6
TR,2
TR,3
TR,4
TR,9
TR,11
UR,1
UR,5
UR,6
UR,2
UR,3
UR,4
UR,7
UR,8
UR,9
UR,3
UR,2
UR,9
UR,2
UR,3
UR,12
VR,5
VR,1
VR,6
VR,7
VR,8
VR,2
VR,3
VR,4
VR,9
VR,9
VR,3
VR,2
VR,3
VR,2
VR,12
VR,13
WR,3
WR,4
WR,2
WR,1
WR,5
WR,6
WR,7
WR,8
WR,9
WR,2
WR,3
WR,3
WR,2
WR,3
WR,2
WR,2
WR,3
WR,12
XR,1
XR,3
XR,2
XR,5
XR,6
XR,8
YR,1
YR,5
YR,6
YR,7
YR,8
YR,4
YR,2
YR,3
YR,9
YR,4
YR,2
YR,3
YR,3
YR,2
YR,2
YR,3
YR,10
ZR,1
ZR,5
ZR,6
ZR,2
ZR,3
ZR,4
ZR,7
ZR,8
ZR,9
ZR,2
ZR,3
ZR,3
ZR,10
AS,1
AS,5
AS,6
AS,3
AS,4
AS,2
AS,7
AS,8
AS,2
AS,3
AS,4
AS,14
AS,2
AS,4
AS,2
AS,4
AS,2
AS,3
AS,4
AS,3
AS,2
AS,11
BS,1
BS,5
BS,6
BS,7
BS,3
BS,4
BS,2
BS,8
BS,9
BS,3
BS,3
BS,3
BS,12
CS,1
CS,5
CS,6
CS,2
CS,4
CS,3
CS,8
DS,7
DS,1
DS,5
DS,6
DS,8
DS,3
DS,2
DS,4
DS,9
DS,9
DS,2
DS,3
DS,2
DS,3
DS,10
ES,1
ES,5
ES,6
ES,3
ES,4
ES,2
ES,7
ES,8
ES,9
ES,9
ES,9
ES,2
ES,2
ES,3
ES,2
ES,3
ES,14
ES,2
ES,3
ES,4
ES,2
ES,2
ES,2
ES,2
ES,2
ES,2
ES,2
ES,3
ES,4
ES,2
ES,2
ES,2
ES,2
ES,2
ES,2
ES,2
ES,2
ES,4
ES,3
ES,4
ES,2
ES,3
ES,9
ES,2
ES,2
ES,2
ES,10
ES,13
FS,1
FS,5
FS,6
FS,2
FS,3
FS,4
GS,1
GS,5
GS,6
GS,2
GS,3
GS,9
GS,3
GS,2
GS,9
GS,3
GS,2
GS,2
GS,3
GS,3
GS,2
GS,11
HS,1
HS,5
HS,6
HS,4
HS,3
HS,2
HS,7
HS,8
HS,3
HS,4
HS,2
HS,14
HS,4
HS,2
HS,3
HS,2
HS,3
HS,4
HS,2
HS,3
HS,4
HS,4
HS,2
HS,3
HS,3
HS,4
HS,2
HS,2
HS,3
HS,4
HS,2
HS,3
HS,4
HS,9
HS,2
HS,2
HS,3
HS,2
HS,2
HS,3
HS,2
HS,2
HS,3
HS,15
HS,13
IS,1
IS,5
IS,6
IS,3
IS,2
IS,4
IS,7
IS,8
IS,9
IS,3
IS,3
IS,2
IS,3
IS,2
IS,2
IS,3
IS,2
IS,3
IS,3
IS,2
IS,3
IS,2
IS,10
JS,1
JS,5
JS,2
JS,3
JS,6
JS,7
JS,8
JS,9
JS,2
JS,3
JS,2
JS,3
JS,3
JS,2
JS,3
JS,3
JS,2
JS,3
JS,2
JS,3
JS,2
JS,3
JS,2
JS,2
JS,3
JS,3
JS,2
JS,2
JS,3
JS,3
JS,3
JS,3
JS,2
JS,3
JS,2
JS,3
JS,3
JS,2
JS,10
KS,1
KS,5
KS,6
KS,7
KS,4
KS,2
KS,3
KS,8
KS,9
KS,9
KS,4
KS,2
KS,3
KS,2
KS,3
KS,2
KS,3
KS,3
KS,2
KS,3
KS,10
KS,13
LS,1
LS,5
LS,6
LS,3
LS,4
LS,2
LS,7
LS,8
LS,9
LS,2
LS,3
LS,2
LS,2
LS,10
LS,13
MS,7
MS,1
MS,5
MS,6
MS,8
MS,4
MS,2
MS,3
MS,9
MS,9
MS,3
MS,2
MS,2
MS,10
MS,13
NS,1
NS,5
NS,6
NS,2
NS,3
NS,4
OS,1
OS,5
OS,6
OS,4
OS,2
OS,3
OS,7
OS,8
OS,9
OS,3
OS,10
OS,13
PS,1
PS,5
PS,6
PS,2
PS,3
PS,4
PS,7
PS,8
PS,9
PS,10
QS,1
QS,5
QS,6
QS,2
QS,4
QS,3
QS,7
QS,8
QS,9
QS,3
QS,2
QS,10
RS,1
RS,5
RS,6
RS,2
RS,3
RS,4
RS,7
RS,8
RS,9
RS,10
SS,1
SS,5
SS,6
SS,3
SS,2
SS,4
SS,7
SS,8
SS,9
SS,2
SS,3
SS,10
SS,13
TS,1
TS,5
TS,6
TS,2
TS,4
TS,3
TS,7
TS,8
TS,9
TS,3
TS,2
TS,2
TS,3
TS,2
TS,3
TS,3
TS,2
TS,3
TS,2
TS,12
US,1
US,5
US,6
US,2
US,4
US,3
US,7
US,8
US,9
US,2
US,3
US,9
US,3
US,2
US,10
VS,1
VS,5
VS,6
VS,7
VS,8
VS,2
VS,3
VS,4
VS,9
VS,9
VS,3
VS,2
VS,3
VS,2
VS,2
VS,10
WS,1
WS,5
WS,6
WS,2
WS,3
WS,4
XS,1
XS,5
XS,6
XS,7
XS,4
XS,2
XS,3
XS,8
XS,9
XS,2
XS,3
XS,2
XS,3
XS,3
XS,2
XS,2
XS,3
XS,2
XS,3
XS,12
XS,13
YS,1
YS,5
YS,6
YS,3
YS,2
YS,4
YS,7
YS,8
YS,14
YS,4
YS,4
YS,3
YS,2
YS,9
YS,2
YS,3
YS,2
YS,3
YS,2
YS,3
YS,2
YS,10
YS,13
ZS,1
ZS,5
ZS,6
ZS,2
ZS,3
ZS,4
ZS,7
ZS,4
ZS,2
ZS,3
ZS,8
ZS,9
ZS,10
ZS,13
AT,1
AT,5
AT,6
AT,3
AT,4
AT,2
AT,7
AT,8
BT,1
BT,5
BT,6
BT,7
BT,2
BT,3
BT,4
BT,8
BT,9
BT,2
BT,3
BT,10
BT,13
CT,1
CT,5
CT,6
CT,4
CT,3
CT,2
CT,8
CT,9
CT,7
CT,3
CT,2
CT,10
DT,1
DT,5
DT,6
DT,2
DT,3
DT,4
DT,9
DT,9
DT,10
ET,1
ET,5
ET,6
ET,4
ET,3
ET,2
ET,7
ET,8
ET,9
ET,10
FT,1
FT,5
FT,6
FT,4
FT,2
FT,3
FT,8
FT,14
FT,4
FT,2
FT,3
FT,2
FT,3
FT,4
FT,2
FT,3
FT,4
FT,3
FT,2
FT,4
FT,3
FT,2
FT,4
FT,4
FT,2
FT,3
FT,2
FT,3
FT,4
FT,9
FT,3
FT,2
FT,3
FT,2
FT,2
FT,9
FT,10
GT,1
GT,5
GT,6
GT,4
GT,3
GT,2
GT,9
GT,2
GT,3
GT,9
GT,2
GT,3
GT,2
GT,3
GT,2
GT,3
GT,2
GT,3
GT,2
GT,3
GT,10
GT,13
HT,1
HT,5
HT,6
HT,2
HT,3
HT,4
HT,7
HT,8
HT,9
HT,2
HT,3
HT,3
HT,2
HT,10
IT,1
IT,5
IT,6
IT,4
IT,3
IT,2
IT,7
IT,8
IT,9
IT,9
IT,3
IT,2
IT,3
IT,2
IT,10
IT,13
JT,1
JT,5
JT,6
JT,3
JT,2
JT,4
JT,8
JT,9
JT,9
JT,2
JT,3
JT,2
JT,3
JT,10
KT,1
KT,5
KT,6
KT,7
KT,4
KT,2
KT,3
KT,8
KT,9
KT,9
KT,2
KT,3
KT,10
LT,1
LT,2
LT,3
LT,4
LT,5
LT,6
LT,8
LT,9
LT,9
LT,2
LT,3
LT,9
LT,14
LT,4
LT,3
LT,2
LT,4
LT,3
LT,2
LT,2
LT,4
LT,3
LT,9
LT,2
LT,3
LT,3
LT,2
LT,3
LT,10
MT,1
MT,5
MT,7
MT,2
MT,3
MT,4
MT,6
MT,8
MT,9
MT,3
MT,10
MT,13
NT,1
NT,5
NT,6
NT,7
NT,8
NT,2
NT,4
NT,3
NT,9
NT,9
NT,2
NT,3
NT,3
NT,2
NT,3
NT,2
NT,10
OT,1
OT,5
OT,6
OT,4
OT,2
OT,3
OT,7
OT,8
OT,9
OT,9
OT,2
OT,3
OT,2
OT,3
OT,10
OT,13
PT,1
PT,5
PT,3
PT,4
PT,2
PT,6
PT,7
PT,8
PT,9
PT,3
PT,2
PT,9
PT,10
QT,1
QT,5
QT,6
QT,2
QT,3
QT,4
QT,7
QT,8
QT,9
QT,2
QT,3
RT,1
RT,5
RT,6
RT,7
RT,2
RT,4
RT,3
RT,8
RT,9
RT,10
RT,13
ST,1
ST,5
ST,6
ST,7
ST,4
ST,3
ST,2
ST,8
ST,9
ST,3
ST,4
ST,2
ST,9
ST,2
ST,3
ST,10
ST,13
TT,1
TT,5
TT,6
TT,2
TT,3
UT,1
UT,2
UT,3
UT,4
UT,5
UT,6
UT,8
UT,7
UT,9
UT,2
UT,3
UT,10
VT,1
VT,5
VT,6
VT,2
VT,3
VT,4
VT,7
VT,8
VT,9
VT,2
VT,3
VT,9
VT,2
VT,3
VT,9
VT,10
WT,1
WT,5
WT,3
WT,4
WT,2
WT,6
WT,7
WT,8
WT,9
WT,2
WT,3
WT,2
WT,2
WT,3
WT,2
WT,9
WT,10
WT,13
XT,1
XT,5
XT,3
XT,2
XT,4
XT,6
XT,7
XT,8
XT,9
XT,2
XT,3
XT,2
XT,3
XT,2
XT,3
XT,2
XT,10
XT,13
YT,1
YT,5
YT,4
YT,3
YT,2
YT,7
YT,6
YT,8
YT,9
YT,9
YT,3
YT,2
YT,3
YT,2
YT,3
YT,10
YT,13
ZT,1
ZT,5
ZT,6
ZT,3
ZT,2
ZT,4
ZT,7
ZT,8
ZT,9
ZT,2
ZT,3
ZT,2
ZT,15
AU,1
AU,5
AU,6
AU,7
AU,8
AU,4
AU,2
AU,3
AU,9
AU,2
AU,3
AU,10
BU,1
BU,5
BU,6
BU,7
BU,8
BU,2
BU,4
BU,3
BU,9
BU,3
BU,2
BU,3
BU,2
BU,10
CU,1
CU,5
CU,6
CU,3
CU,2
CU,4
CU,9
CU,3
CU,2
CU,10
CU,13
DU,1
DU,5
DU,6
DU,7
DU,2
DU,4
DU,3
DU,8
DU,9
EU,1
EU,5
EU,6
EU,4
EU,2
EU,3
EU,8
EU,7
EU,9
EU,3
EU,2
EU,2
EU,10
EU,13
FU,1
FU,5
FU,6
FU,3
FU,4
FU,2
FU,9
FU,2
FU,3
FU,2
FU,3
FU,10
GU,1
GU,5
GU,6
GU,2
GU,3
GU,7
GU,8
GU,9
GU,2
GU,2
GU,2
GU,2
GU,2
GU,10
GU,13
HU,1
HU,5
HU,6
IU,1
IU,5
IU,6
IU,8
IU,7
IU,4
IU,3
IU,2
IU,9
IU,9
IU,2
IU,3
IU,2
IU,3
IU,10
JU,1
JU,2
JU,4
JU,3
JU,5
JU,6
JU,7
JU,8
JU,9
JU,9
JU,3
JU,3
JU,2
JU,3
JU,2
JU,10
KU,1
KU,5
KU,6
KU,3
KU,4
KU,2
KU,7
KU,8
LU,1
LU,5
LU,6
LU,2
LU,3
LU,4
LU,8
LU,9
LU,2
LU,3
LU,7
LU,10
LU,13
MU,1
MU,5
MU,6
MU,7
MU,8
MU,3
MU,4
MU,2
MU,9
MU,2
MU,3
MU,3
MU,2
MU,10
NU,1
NU,5
NU,6
NU,7
NU,4
NU,3
NU,2
NU,8
NU,9
NU,3
NU,2
NU,9
NU,3
NU,2
NU,3
NU,2
NU,3
NU,2
NU,3
NU,10
OU,1
OU,2
OU,4
OU,3
OU,5
OU,6
OU,7
OU,8
OU,9
OU,9
OU,3
OU,2
OU,10
OU,13
PU,1
PU,5
PU,2
PU,3
PU,4
PU,6
PU,7
PU,8
PU,9
PU,9
PU,2
PU,3
PU,2
PU,2
PU,3
PU,2
PU,3
PU,2
PU,3
PU,3
PU,2
PU,3
PU,2
PU,3
PU,3
PU,2
PU,3
PU,3
PU,3
PU,2
PU,3
PU,3
PU,2
PU,2
PU,2
PU,2
PU,3
PU,11
QU,1
QU,5
QU,6
QU,7
QU,4
QU,3
QU,2
QU,8
QU,9
QU,9
QU,2
QU,3
QU,4
QU,2
QU,3
QU,3
QU,2
QU,10
QU,13
RU,2
RU,3
RU,1
RU,5
RU,6
RU,8
RU,9
RU,3
RU,2
RU,9
RU,3
RU,2
RU,9
RU,14
RU,2
RU,4
RU,3
RU,3
RU,4
RU,2
RU,2
RU,2
RU,4
RU,3
RU,9
RU,2
RU,3
RU,2
RU,3
RU,2
RU,3
RU,3
RU,2
RU,10
SU,1
SU,5
SU,6
SU,7
SU,2
SU,4
SU,3
SU,8
SU,9
TU,1
TU,5
TU,2
TU,4
TU,3
TU,6
TU,9
TU,9
TU,3
TU,2
TU,2
TU,3
TU,3
TU,2
TU,3
TU,3
TU,2
TU,3
TU,3
TU,15
UU,1
UU,5
UU,6
UU,2
UU,9
UU,10
VU,1
VU,5
VU,6
VU,4
VU,2
VU,3
VU,7
VU,8
VU,9
VU,2
VU,3
VU,3
VU,2
VU,10
WU,1
WU,5
WU,6
WU,4
WU,2
WU,3
WU,7
WU,8
WU,9
WU,4
WU,9
WU,4
WU,2
WU,3
WU,4
WU,3
WU,10
XU,1
XU,5
XU,6
XU,4
XU,2
XU,3
XU,8
XU,7
YU,1
YU,5
YU,6
ZU,1
ZU,5
ZU,6
ZU,3
ZU,4
ZU,2
ZU,7
ZU,8
ZU,9
ZU,10
AV,1
AV,4
AV,3
AV,2
AV,5
AV,6
AV,7
AV,8
AV,9
AV,10
BV,1
BV,5
BV,6
BV,3
BV,4
BV,2
BV,7
BV,8
BV,9
BV,3
BV,2
BV,4
BV,9
BV,3
BV,2
BV,10
CV,1
CV,5
CV,6
CV,2
CV,4
CV,3
CV,7
CV,8
CV,9
CV,2
CV,3
CV,10
DV,1
DV,5
DV,6
DV,3
DV,4
DV,2
DV,7
DV,8
EV,1
EV,5
EV,6
EV,4
EV,3
EV,2
EV,8
EV,2
EV,3
EV,7
FV,1
FV,5
FV,6
FV,7
FV,8
FV,4
FV,2
FV,3
GV,1
GV,5
GV,6
GV,7
GV,8
GV,4
GV,2
GV,3
GV,9
GV,2
GV,3
GV,2
GV,3
GV,11
HV,1
HV,3
HV,2
HV,4
HV,5
HV,6
HV,7
HV,8
HV,9
HV,3
HV,2
HV,3
HV,2
HV,2
HV,3
HV,10
IV,1
IV,5
IV,3
IV,2
IV,6
IV,7
IV,4
IV,8
JV,1
JV,5
JV,6
JV,7
JV,8
JV,2
JV,4
JV,3
JV,9
JV,3
JV,4
JV,2
JV,2
JV,3
JV,10
KV,1
KV,5
KV,2
KV,3
KV,6
KV,9
KV,10
KV,13
LV,1
LV,5
LV,6
LV,2
LV,3
LV,9
LV,2
LV,3
LV,2
LV,3
LV,3
LV,2
LV,3
LV,2
LV,2
LV,3
LV,3
LV,2
LV,15
MV,1
MV,5
MV,2
MV,3
MV,4
MV,6
MV,7
MV,8
MV,9
MV,3
MV,2
MV,9
MV,3
MV,2
MV,3
MV,10
NV,1
NV,7
NV,5
NV,6
NV,8
NV,4
NV,3
NV,2
NV,9
NV,3
NV,10
OV,1
OV,5
OV,2
OV,3
OV,4
OV,6
OV,8
OV,9
OV,7
PV,1
PV,5
PV,6
PV,2
PV,3
PV,4
PV,7
PV,8
PV,9
PV,9
PV,2
PV,3
PV,10
PV,13
QV,1
QV,5
QV,6
QV,3
QV,2
QV,4
QV,7
QV,8
QV,9
RV,1
RV,5
RV,6
SV,1
SV,5
SV,6
SV,2
SV,4
SV,3
SV,7
SV,8
SV,9
SV,11
TV,1
TV,5
TV,6
TV,2
TV,3
TV,4
TV,7
TV,8
TV,9
TV,3
TV,2
TV,2
TV,3
TV,2
TV,3
TV,10
TV,13
UV,1
UV,5
UV,6
UV,4
UV,2
UV,3
UV,7
UV,8
UV,9
UV,3
UV,2
UV,2
UV,3
UV,10
UV,13
VV,1
VV,5
VV,6
VV,3
VV,2
WV,1
WV,5
WV,6
WV,4
WV,3
WV,2
WV,7
WV,8
WV,9
WV,3
WV,2
WV,3
WV,2
WV,10
XV,1
XV,5
XV,2
XV,4
XV,3
XV,6
XV,7
XV,8
YV,1
YV,5
YV,6
YV,7
YV,8
YV,2
YV,4
YV,3
YV,9
YV,2
YV,3
YV,3
YV,2
YV,3
YV,2
YV,3
YV,2
YV,3
YV,2
YV,10
YV,13
ZV,1
ZV,5
ZV,6
ZV,4
ZV,2
ZV,3
ZV,7
ZV,8
ZV,9
ZV,2
ZV,3
ZV,10
AW,1
AW,5
AW,6
AW,3
AW,2
AW,4
AW,8
BW,1
BW,7
BW,5
BW,2
BW,3
BW,4
BW,6
BW,8
BW,9
BW,4
BW,2
BW,9
BW,9
BW,2
BW,3
BW,3
BW,2
BW,2
BW,3
BW,2
BW,10
CW,1
CW,3
CW,4
CW,2
CW,5
CW,6
CW,7
CW,8
CW,9
CW,9
CW,2
CW,3
CW,3
CW,2
CW,10
DW,1
DW,5
DW,4
DW,2
DW,3
DW,6
DW,7
DW,8
DW,9
DW,2
DW,3
DW,9
DW,10
EW,1
EW,5
EW,6
EW,4
EW,2
EW,3
EW,7
EW,8
EW,9
EW,2
EW,3
EW,9
EW,2
EW,3
EW,2
EW,3
EW,2
EW,3
EW,2
EW,3
EW,2
EW,3
EW,10
FW,1
FW,5
FW,2
FW,4
FW,3
FW,6
FW,7
FW,8
FW,9
FW,3
FW,2
FW,2
FW,3
FW,2
FW,3
FW,9
FW,3
FW,2
FW,10
FW,13
GW,6
GW,7
GW,8
GW,1
GW,5
GW,4
GW,3
GW,2
GW,4
GW,3
GW,2
HW,1
HW,5
HW,6
HW,2
HW,3
HW,5
IW,2
IW,1
IW,5
IW,6
IW,7
IW,3
IW,2
IW,4
IW,8
IW,9
IW,3
IW,2
IW,10
JW,1
JW,5
JW,6
JW,4
JW,2
JW,3
JW,7
JW,8
JW,9
JW,9
JW,2
JW,3
JW,3
JW,2
JW,10
JW,13
KW,1
KW,5
KW,6
KW,4
KW,2
KW,3
KW,7
KW,8
KW,9
KW,9
KW,3
KW,10
KW,13
LW,2
LW,3
LW,1
LW,5
LW,6
LW,7
LW,4
LW,8
LW,9
LW,9
LW,3
LW,2
LW,3
LW,3
LW,10
MW,1
MW,5
MW,6
MW,4
MW,3
MW,2
MW,7
MW,8
MW,9
MW,4
MW,2
MW,3
MW,2
MW,3
MW,3
MW,2
MW,3
MW,2
MW,3
MW,2
MW,3
MW,3
MW,2
MW,2
MW,3
MW,2
MW,3
MW,9
MW,9
MW,11
NW,1
NW,5
NW,6
NW,4
NW,3
NW,2
NW,7
NW,8
NW,9
NW,9
NW,4
NW,3
NW,2
NW,2
NW,3
NW,2
NW,3
NW,10
OW,1
OW,5
OW,6
OW,3
OW,2
OW,4
OW,7
OW,8
OW,9
OW,3
OW,2
OW,3
OW,2
OW,3
OW,2
OW,10
PW,1
PW,5
PW,6
PW,3
PW,2
PW,4
PW,7
PW,8
PW,9
PW,3
PW,3
PW,10
QW,1
QW,5
QW,6
QW,4
QW,3
QW,2
QW,8
QW,7
QW,9
QW,9
QW,2
QW,3
QW,10
QW,13
RW,1
RW,5
RW,6
RW,3
RW,4
RW,2
RW,7
RW,8
RW,9
RW,2
RW,3
RW,9
RW,3
RW,2
RW,10
SW,1
SW,5
SW,6
SW,7
SW,8
SW,2
SW,3
SW,4
SW,9
SW,4
SW,2
SW,3
SW,9
SW,9
SW,2
SW,3
SW,2
SW,3
SW,10
TW,1
TW,5
TW,6
TW,3
TW,2
TW,4
TW,7
TW,8
TW,9
TW,4
TW,3
TW,2
TW,2
TW,3
TW,2
TW,2
TW,2
TW,2
TW,2
TW,9
TW,10
TW,13
UW,2
UW,1
UW,5
UW,6
UW,7
UW,2
UW,3
UW,4
UW,8
UW,9
UW,2
UW,3
UW,10
UW,13
VW,5
VW,1
VW,6
VW,3
VW,2
VW,4
VW,7
VW,8
VW,9
VW,2
VW,3
VW,9
VW,10
VW,13
WW,1
WW,5
WW,6
WW,7
WW,2
WW,3
WW,4
WW,8
WW,14
WW,3
WW,4
WW,2
WW,14
WW,9
WW,3
WW,2
WW,10
WW,13
XW,1
XW,5
XW,6
XW,3
XW,4
XW,2
XW,7
XW,8
XW,9
XW,3
XW,2
XW,2
XW,3
XW,2
XW,3
XW,10
YW,1
YW,5
YW,6
YW,2
YW,3
YW,9
YW,3
YW,2
YW,3
YW,10
ZW,1
ZW,5
ZW,6
ZW,7
ZW,2
ZW,4
ZW,3
ZW,8
ZW,9
ZW,9
ZW,3
ZW,2
ZW,10
AX,1
AX,5
AX,6
AX,2
AX,3
AX,4
BX,1
BX,5
BX,3
BX,2
BX,4
BX,6
BX,7
BX,8
BX,9
BX,3
BX,2
BX,2
BX,3
BX,3
BX,2
BX,10
BX,13
CX,1
CX,5
CX,6
CX,4
CX,3
CX,2
CX,8
CX,9
CX,3
CX,2
CX,9
CX,2
CX,3
CX,10
DX,2
DX,3
DX,1
DX,5
DX,2
DX,3
DX,4
DX,6
DX,7
DX,8
DX,9
DX,3
DX,10
EX,1
EX,5
EX,6
EX,2
EX,4
EX,3
EX,8
EX,7
EX,9
EX,9
EX,2
EX,3
EX,3
EX,2
EX,3
EX,9
EX,9
EX,3
EX,9
EX,2
EX,3
EX,3
EX,2
EX,10
FX,1
FX,5
FX,6
FX,4
FX,3
FX,2
FX,8
FX,9
FX,3
FX,2
FX,9
FX,3
FX,2
FX,2
FX,3
FX,10
FX,13
GX,6
GX,1
GX,5
GX,3
GX,2
GX,4
GX,8
GX,7
GX,9
GX,2
GX,3
GX,9
GX,2
GX,3
GX,11
HX,1
HX,5
HX,6
HX,7
HX,4
HX,2
HX,3
HX,8
HX,9
HX,10
IX,1
IX,5
IX,6
IX,2
IX,4
IX,3
IX,7
IX,8
JX,1
JX,7
JX,5
JX,6
JX,4
JX,2
JX,3
JX,8
JX,14
JX,4
JX,2
JX,4
JX,3
JX,9
JX,3
JX,2
JX,10
KX,5
KX,2
KX,3
KX,4
KX,2
KX,1
KX,14
KX,4
KX,2
KX,3
KX,3
KX,4
KX,2
KX,3
KX,2
KX,4
KX,2
KX,4
KX,3
KX,2
KX,3
KX,4
KX,4
KX,3
KX,2
KX,9
KX,2
KX,3
KX,10
KX,13
LX,2
LX,1
LX,5
LX,6
LX,3
LX,4
LX,2
LX,7
LX,8
LX,9
LX,3
LX,2
LX,10
MX,1
MX,5
MX,6
MX,2
MX,3
MX,4
MX,7
MX,8
MX,9
MX,2
MX,3
MX,10
NX,1
NX,5
NX,6
NX,4
NX,3
NX,2
NX,8
NX,9
NX,3
NX,3
NX,2
NX,10
OX,1
OX,5
OX,6
OX,3
OX,4
OX,2
OX,8
OX,7
OX,9
OX,3
OX,2
OX,3
OX,10
OX,13
PX,1
PX,5
PX,6
PX,2
PX,3
QX,1
QX,5
QX,6
QX,7
QX,3
QX,2
QX,4
QX,8
QX,9
QX,3
QX,2
QX,2
QX,3
QX,9
QX,9
QX,9
QX,3
QX,2
QX,9
QX,2
QX,2
QX,3
QX,3
QX,2
QX,2
QX,3
QX,2
QX,3
QX,11
RX,1
RX,5
RX,6
RX,3
RX,2
SX,1
SX,5
SX,6
SX,2
SX,4
SX,3
SX,7
SX,8
SX,9
SX,2
SX,3
SX,4
SX,3
SX,2
SX,9
SX,3
SX,2
SX,2
SX,3
SX,10
TX,1
TX,5
TX,6
TX,7
TX,8
TX,2
TX,3
TX,4
TX,9
TX,3
TX,2
TX,2
TX,3
TX,10
TX,13
UX,1
UX,5
UX,6
UX,3
UX,4
UX,2
UX,7
UX,8
VX,1
VX,5
VX,6
VX,3
VX,2
WX,1
WX,5
WX,6
WX,2
WX,4
WX,3
WX,8
WX,7
XX,3
XX,2
XX,1
XX,5
XX,6
XX,4
XX,3
XX,2
XX,7
XX,8
XX,9
XX,11
YX,1
YX,5
YX,6
YX,7
YX,8
YX,3
YX,2
YX,4
YX,9
YX,14
YX,4
YX,2
YX,3
YX,4
YX,2
YX,3
YX,4
YX,4
YX,2
YX,3
YX,4
YX,2
YX,3
YX,4
YX,2
YX,3
YX,4
YX,2
YX,3
YX,2
YX,3
YX,4
YX,4
YX,2
YX,3
YX,2
YX,3
YX,4
YX,2
YX,3
YX,4
YX,4
YX,2
YX,3
YX,3
YX,4
YX,2
YX,2
YX,3
YX,4
YX,3
YX,2
YX,4
YX,3
YX,4
YX,2
YX,2
YX,3
YX,4
YX,2
YX,3
YX,4
YX,4
YX,2
YX,3
YX,3
YX,4
YX,2
YX,2
YX,3
YX,4
YX,2
YX,3
YX,4
YX,3
YX,4
YX,2
YX,2
YX,4
YX,3
YX,4
YX,9
YX,9
YX,10
ZX,1
ZX,5
ZX,6
ZX,4
ZX,2
ZX,3
ZX,7
ZX,8
ZX,9
ZX,10
AY,1
AY,5
AY,3
AY,2
AY,4
AY,6
AY,9
AY,2
AY,3
AY,2
AY,3
AY,3
AY,2
AY,3
AY,2
AY,2
AY,3
AY,3
AY,2
AY,2
AY,3
AY,11
BY,1
BY,5
BY,6
BY,2
BY,3
BY,4
CY,1
CY,5
CY,6
CY,2
CY,3
CY,4
CY,7
CY,8
CY,9
CY,9
CY,3
CY,2
CY,14
CY,3
CY,4
CY,2
CY,2
CY,4
CY,3
CY,9
CY,3
CY,2
CY,9
CY,3
CY,2
CY,2
CY,3
CY,3
CY,2
CY,3
CY,2
CY,3
CY,16
DY,1
DY,5
DY,6
DY,2
DY,4
DY,3
DY,7
DY,8
DY,9
DY,2
DY,9
DY,3
DY,2
DY,10
EY,1
EY,5
EY,6
EY,2
EY,3
EY,8
EY,7
EY,9
EY,2
EY,2
EY,2
EY,11
FY,1
FY,5
FY,4
FY,2
FY,3
FY,6
FY,7
FY,8
FY,9
FY,9
FY,3
FY,2
FY,2
FY,3
FY,3
FY,10
FY,13
GY,1
GY,5
GY,4
GY,3
GY,2
GY,6
GY,7
GY,8
GY,9
GY,9
GY,2
GY,3
GY,10
HY,1
HY,5
HY,6
HY,3
HY,2
HY,4
HY,8
HY,9
HY,7
HY,3
HY,2
HY,3
HY,2
HY,10
HY,13
IY,1
IY,5
IY,7
IY,6
IY,4
IY,3
IY,2
IY,8
IY,9
IY,9
IY,2
IY,3
IY,2
IY,3
IY,2
IY,3
IY,10
IY,13
JY,1
JY,5
JY,3
JY,4
JY,2
JY,6
JY,7
JY,8
JY,9
JY,3
JY,2
JY,3
JY,2
JY,2
JY,2
JY,3
JY,10
JY,13
KY,1
KY,5
KY,6
KY,3
KY,2
LY,1
LY,5
LY,6
MY,1
MY,5
MY,6
MY,3
MY,4
MY,2
NY,1
NY,5
NY,6
NY,4
NY,2
NY,3
NY,7
NY,8
OY,1
OY,5
OY,6
OY,2
OY,3
OY,9
OY,3
OY,3
OY,2
OY,3
OY,2
OY,2
OY,3
OY,2
OY,3
OY,10
PY,1
PY,5
PY,6
PY,3
PY,4
PY,2
PY,7
PY,8
QY,1
QY,4
QY,2
QY,3
QY,5
QY,6
QY,9
QY,2
QY,3
QY,3
QY,2
QY,10
RY,3
RY,1
RY,5
RY,6
RY,7
RY,4
RY,2
RY,3
RY,8
RY,9
RY,14
RY,2
RY,4
RY,3
RY,4
RY,3
RY,2
RY,9
RY,2
RY,3
RY,2
RY,3
RY,10
SY,1
SY,5
SY,6
SY,7
SY,8
SY,4
SY,2
SY,3
SY,9
SY,3
SY,2
SY,9
SY,10
SY,13
TY,1
TY,5
TY,6
UY,1
UY,2
UY,3
UY,4
UY,5
UY,6
UY,7
UY,8
UY,9
VY,1
VY,5
VY,4
VY,2
VY,3
VY,6
VY,8
VY,7
VY,9
VY,9
VY,3
VY,2
VY,2
VY,3
VY,3
VY,2
VY,10
WY,1
WY,5
WY,6
XY,1
XY,5
XY,6
XY,3
XY,4
XY,2
XY,8
XY,9
XY,7
XY,2
XY,3
XY,10
XY,13
YY,1
YY,5
YY,6
YY,2
YY,3
YY,4
YY,7
YY,8
YY,9
YY,4
YY,9
YY,9
YY,9
YY,3
YY,2
YY,3
YY,2
YY,3
YY,2
YY,9
YY,10
ZY,1
ZY,5
ZY,6
ZY,2
ZY,3
ZY,4
ZY,7
ZY,8
AZ,1
AZ,5
AZ,6
AZ,2
AZ,3
AZ,4
AZ,7
AZ,8
AZ,9
AZ,2
AZ,3
AZ,9
AZ,3
AZ,2
AZ,10
BZ,1
BZ,5
BZ,6
BZ,4
BZ,3
BZ,2
BZ,8
BZ,9
BZ,2
BZ,3
BZ,9
BZ,2
BZ,3
BZ,2
BZ,3
BZ,2
BZ,3
BZ,3
BZ,2
BZ,3
BZ,2
BZ,2
BZ,3
BZ,10
CZ,1
CZ,5
CZ,6
CZ,2
CZ,3
CZ,4
CZ,4
CZ,7
CZ,8
CZ,3
CZ,2
CZ,4
CZ,14
CZ,4
CZ,2
CZ,3
CZ,4
CZ,4
CZ,4
CZ,2
CZ,3
CZ,9
CZ,2
CZ,3
CZ,4
CZ,3
CZ,2
CZ,2
CZ,3
CZ,4
CZ,9
CZ,2
CZ,3
CZ,2
CZ,3
CZ,2
CZ,3
CZ,3
CZ,2
CZ,11
DZ,1
DZ,5
DZ,6
DZ,3
DZ,2
DZ,7
DZ,8
DZ,14
DZ,4
DZ,4
DZ,2
DZ,4
DZ,3
DZ,4
DZ,4
DZ,4
DZ,2
DZ,3
DZ,4
DZ,2
DZ,3
DZ,9
DZ,2
DZ,3
DZ,3
DZ,2
DZ,3
DZ,2
DZ,3
DZ,2
DZ,3
DZ,10
EZ,1
EZ,5
EZ,6
EZ,2
EZ,3
EZ,4
FZ,1
FZ,5
FZ,6
FZ,3
FZ,4
FZ,2
FZ,7
FZ,8
FZ,9
FZ,9
FZ,2
FZ,3
FZ,2
FZ,3
FZ,2
FZ,2
FZ,10
FZ,13
GZ,1
GZ,5
GZ,6
GZ,2
GZ,3
HZ,1
HZ,5
HZ,3
HZ,4
HZ,2
HZ,7
HZ,9
HZ,6
HZ,8
HZ,14
HZ,3
HZ,4
HZ,2
HZ,2
HZ,3
HZ,4
HZ,9
HZ,2
HZ,3
HZ,3
HZ,2
HZ,10
IZ,1
IZ,5
IZ,6
IZ,3
IZ,2
IZ,9
IZ,10
JZ,1
JZ,5
JZ,6
JZ,2
JZ,3
JZ,4
JZ,7
JZ,8
JZ,3
JZ,2
KZ,1
KZ,7
KZ,5
KZ,6
KZ,4
KZ,2
KZ,3
KZ,8
KZ,9
KZ,3
KZ,3
KZ,2
KZ,9
KZ,9
KZ,2
KZ,3
KZ,10
LZ,6
LZ,8
LZ,7
LZ,1
LZ,5
LZ,3
LZ,2
LZ,4
LZ,9
LZ,9
LZ,3
LZ,2
LZ,9
LZ,2
LZ,3
LZ,2
LZ,9
LZ,2
LZ,2
LZ,10
LZ,13
MZ,1
MZ,5
MZ,6
MZ,2
MZ,3
MZ,4
MZ,8
MZ,9
MZ,3
MZ,2
MZ,2
MZ,3
MZ,10
MZ,13
NZ,1
NZ,5
NZ,6
NZ,2
NZ,3
NZ,4
NZ,7
NZ,8
NZ,9
NZ,14
NZ,2
NZ,3
NZ,4
NZ,4
NZ,2
NZ,3
NZ,2
NZ,3
NZ,4
NZ,3
NZ,4
NZ,2
NZ,3
NZ,4
NZ,2
NZ,2
NZ,3
NZ,4
NZ,3
NZ,4
NZ,2
NZ,4
NZ,3
NZ,2
NZ,3
NZ,4
NZ,2
NZ,4
NZ,2
NZ,3
NZ,4
NZ,2
NZ,3
NZ,3
NZ,2
NZ,4
NZ,4
NZ,3
NZ,2
NZ,2
NZ,3
NZ,4
NZ,9
NZ,3
NZ,2
NZ,9
NZ,9
NZ,2
NZ,9
NZ,10
NZ,13
OZ,1
OZ,5
OZ,6
OZ,2
OZ,3
OZ,4
OZ,7
OZ,8
OZ,2
OZ,3
PZ,1
PZ,5
PZ,3
PZ,2
PZ,4
PZ,6
PZ,8
PZ,9
PZ,9
PZ,2
PZ,3
PZ,2
PZ,3
PZ,15
PZ,13
QZ,1
QZ,5
QZ,6
QZ,4
QZ,3
QZ,2
QZ,8
QZ,9
QZ,2
QZ,10
RZ,1
RZ,5
RZ,6
RZ,2
RZ,3
RZ,7
RZ,8
RZ,9
RZ,2
RZ,3
RZ,9
RZ,3
RZ,3
RZ,10
SZ,1
SZ,2
SZ,4
SZ,3
SZ,5
SZ,6
SZ,8
SZ,7
TZ,1
TZ,5
TZ,6
TZ,3
TZ,2
TZ,7
TZ,8
TZ,4
UZ,1
UZ,5
UZ,6
UZ,3
UZ,4
UZ,2
UZ,7
UZ,8
UZ,9
UZ,2
UZ,3
UZ,11
VZ,1
VZ,5
VZ,6
VZ,2
VZ,2
VZ,3
WZ,1
WZ,5
WZ,6
WZ,3
WZ,2
WZ,4
WZ,7
WZ,8
WZ,9
WZ,3
WZ,2
WZ,4
WZ,2
WZ,3
WZ,2
WZ,3
WZ,2
WZ,3
WZ,3
WZ,2
WZ,3
WZ,2
WZ,12
WZ,13
XZ,7
XZ,1
XZ,5
XZ,6
XZ,4
XZ,2
XZ,3
XZ,8
XZ,9
XZ,2
XZ,3
XZ,4
XZ,3
XZ,4
XZ,2
XZ,11
YZ,1
YZ,7
YZ,5
YZ,2
YZ,3
YZ,4
YZ,6
YZ,8
YZ,9
YZ,9
YZ,2
YZ,3
YZ,3
YZ,10
YZ,13
ZZ,1
ZZ,5
ZZ,6
ZZ,4
ZZ,2
ZZ,3
ZZ,7
ZZ,8
ZZ,9
ZZ,3
ZZ,2
ZZ,2
ZZ,3
ZZ,10
AAA,1
AAA,5
AAA,6
AAA,7
AAA,2
AAA,3
AAA,4
AAA,8
AAA,9
AAA,10
AAA,13
BAA,1
BAA,5
BAA,6
BAA,2
BAA,3
BAA,4
BAA,7
BAA,8
BAA,9
BAA,3
BAA,2
BAA,10
CAA,1
CAA,7
CAA,5
CAA,6
CAA,4
CAA,3
CAA,2
CAA,8
DAA,1
DAA,5
DAA,2
DAA,3
DAA,4
DAA,6
DAA,7
DAA,8
DAA,9
DAA,2
DAA,3
DAA,2
DAA,3
DAA,2
DAA,3
DAA,10
EAA,1
EAA,5
EAA,6
EAA,3
EAA,4
EAA,2
EAA,9
EAA,2
EAA,3
EAA,2
EAA,9
EAA,4
EAA,3
EAA,2
EAA,11
FAA,1
FAA,5
FAA,6
FAA,2
FAA,3
FAA,4
FAA,8
FAA,9
FAA,2
FAA,3
FAA,4
FAA,9
FAA,7
FAA,3
FAA,2
FAA,10
FAA,13
GAA,1
GAA,5
GAA,6
GAA,7
GAA,4
GAA,3
GAA,2
GAA,8
GAA,9
GAA,2
GAA,3
GAA,2
GAA,3
GAA,2
GAA,3
GAA,10
HAA,1
HAA,5
HAA,6
HAA,4
HAA,2
HAA,3
HAA,8
HAA,14
HAA,3
HAA,2
HAA,4
HAA,2
HAA,3
HAA,4
HAA,9
HAA,9
HAA,2
HAA,3
HAA,3
HAA,2
HAA,10
IAA,1
IAA,5
IAA,6
IAA,4
IAA,3
IAA,2
IAA,9
IAA,10
IAA,13
JAA,1
JAA,5
JAA,6
JAA,2
JAA,3
JAA,9
JAA,2
JAA,9
JAA,2
JAA,2
JAA,2
JAA,2
JAA,2
JAA,2
JAA,2
JAA,2
JAA,3
JAA,2
JAA,2
JAA,2
JAA,2
JAA,2
JAA,16
KAA,1
KAA,5
KAA,6
KAA,9
KAA,10
LAA,1
LAA,5
LAA,6
LAA,4
LAA,2
LAA,3
LAA,7
LAA,8
MAA,1
MAA,5
MAA,6
MAA,4
MAA,2
MAA,3
MAA,9
MAA,3
MAA,2
MAA,3
MAA,2
MAA,2
MAA,3
MAA,10
NAA,1
NAA,5
NAA,6
OAA,1
OAA,5
OAA,6
OAA,2
OAA,3
OAA,4
OAA,8
OAA,9
OAA,3
OAA,2
OAA,14
OAA,2
OAA,3
OAA,4
OAA,2
OAA,3
OAA,4
OAA,4
OAA,3
OAA,2
OAA,2
OAA,3
OAA,4
OAA,3
OAA,4
OAA,2
OAA,4
OAA,3
OAA,2
OAA,4
OAA,2
OAA,3
OAA,2
OAA,4
OAA,3
OAA,9
OAA,10
PAA,1
PAA,5
PAA,6
PAA,2
PAA,3
PAA,4
PAA,7
PAA,8
QAA,1
QAA,5
QAA,6
QAA,2
QAA,4
QAA,3
QAA,7
QAA,8
QAA,9
QAA,3
QAA,2
QAA,3
QAA,2
QAA,12
RAA,1
RAA,5
RAA,6
RAA,3
RAA,2
RAA,4
RAA,7
RAA,8
RAA,14
RAA,3
RAA,2
RAA,4
RAA,9
RAA,9
RAA,2
RAA,3
RAA,15
SAA,1
SAA,5
SAA,6
SAA,3
SAA,2
SAA,9
SAA,3
SAA,2
SAA,2
SAA,3
SAA,16
TAA,1
TAA,5
TAA,6
TAA,4
TAA,2
TAA,3
TAA,7
TAA,8
TAA,9
TAA,2
TAA,3
TAA,2
TAA,3
TAA,2
TAA,3
TAA,2
TAA,3
TAA,10
UAA,1
UAA,5
UAA,6
UAA,3
UAA,2
VAA,1
VAA,5
VAA,6
VAA,7
VAA,8
VAA,3
VAA,2
VAA,4
VAA,14
VAA,3
VAA,4
VAA,2
VAA,4
VAA,3
VAA,2
VAA,9
VAA,3
VAA,2
VAA,10
VAA,13
WAA,1
WAA,7
WAA,5
WAA,6
WAA,4
WAA,2
WAA,3
WAA,8
WAA,9
WAA,3
WAA,2
WAA,10
XAA,1
XAA,6
XAA,7
XAA,8
XAA,5
XAA,2
XAA,4
XAA,3
XAA,9
XAA,9
XAA,2
XAA,3
XAA,10
YAA,1
YAA,5
YAA,6
YAA,2
YAA,3
YAA,4
YAA,7
YAA,8
YAA,9
YAA,2
YAA,3
YAA,10
ZAA,1
ZAA,5
ZAA,6
ZAA,3
ZAA,4
ZAA,2
ZAA,7
ZAA,8
ZAA,9
ZAA,9
ZAA,3
ZAA,2
ZAA,3
ZAA,3
ZAA,10
ABA,1
ABA,5
ABA,6
ABA,7
ABA,4
ABA,2
ABA,3
ABA,8
ABA,9
ABA,2
ABA,3
ABA,2
ABA,2
ABA,3
ABA,3
ABA,2
ABA,10
BBA,1
BBA,5
BBA,6
BBA,3
BBA,4
BBA,2
BBA,7
BBA,8
BBA,9
BBA,9
BBA,2
BBA,3
BBA,3
BBA,10
CBA,1
CBA,5
CBA,6
CBA,2
CBA,4
CBA,3
CBA,7
CBA,8
CBA,9
CBA,3
CBA,2
CBA,4
CBA,4
CBA,3
CBA,9
CBA,3
CBA,4
CBA,2
CBA,3
CBA,9
CBA,10
DBA,1
DBA,5
DBA,4
DBA,2
DBA,3
DBA,6
DBA,7
DBA,8
DBA,9
DBA,2
DBA,3
DBA,9
DBA,3
DBA,10
EBA,1
EBA,5
EBA,6
EBA,4
EBA,3
EBA,2
EBA,7
EBA,8
EBA,9
EBA,3
EBA,3
EBA,10
FBA,1
FBA,5
FBA,6
FBA,2
FBA,3
FBA,9
FBA,2
FBA,3
FBA,10
FBA,13
GBA,1
GBA,5
GBA,6
GBA,2
GBA,4
GBA,3
GBA,7
GBA,8
GBA,9
GBA,10
GBA,13
HBA,1
HBA,5
HBA,6
HBA,3
HBA,4
HBA,2
HBA,7
HBA,8
HBA,9
HBA,3
HBA,2
HBA,2
HBA,3
HBA,12
HBA,13
IBA,1
IBA,5
IBA,6
IBA,7
IBA,2
IBA,3
IBA,4
IBA,8
IBA,9
IBA,3
IBA,3
IBA,10
JBA,1
JBA,5
JBA,2
JBA,3
JBA,4
JBA,6
JBA,7
JBA,8
KBA,1
KBA,5
KBA,6
KBA,7
KBA,3
KBA,2
KBA,4
KBA,8
KBA,9
KBA,9
KBA,2
KBA,3
KBA,3
KBA,2
KBA,10
LBA,1
LBA,5
LBA,6
LBA,7
LBA,3
LBA,2
LBA,4
LBA,8
LBA,9
LBA,2
LBA,3
LBA,9
LBA,2
LBA,3
LBA,3
LBA,2
LBA,3
LBA,2
LBA,12
MBA,1
MBA,5
MBA,6
MBA,7
MBA,8
MBA,2
MBA,3
MBA,4
MBA,9
MBA,3
MBA,10
NBA,1
NBA,5
NBA,6
NBA,2
NBA,3
OBA,1
OBA,5
OBA,6
OBA,3
OBA,4
OBA,2
OBA,9
OBA,3
OBA,2
OBA,4
OBA,2
OBA,3
OBA,10
PBA,1
PBA,5
PBA,6
PBA,7
PBA,8
PBA,3
PBA,2
PBA,4
PBA,14
PBA,4
PBA,11
QBA,1
QBA,5
QBA,6
QBA,7
QBA,8
QBA,4
QBA,2
QBA,3
QBA,14
QBA,2
QBA,3
QBA,4
QBA,3
QBA,4
QBA,2
QBA,4
QBA,3
QBA,2
QBA,4
QBA,9
QBA,3
QBA,2
QBA,2
QBA,3
QBA,3
QBA,2
QBA,3
QBA,2
QBA,3
QBA,2
QBA,2
QBA,3
QBA,10
RBA,1
RBA,5
RBA,6
RBA,3
RBA,2
RBA,4
RBA,8
RBA,9
RBA,2
RBA,3
RBA,2
RBA,3
RBA,10
SBA,1
SBA,5
SBA,6
SBA,2
SBA,4
SBA,3
SBA,7
SBA,8
SBA,9
SBA,4
SBA,9
SBA,2
SBA,3
SBA,10
TBA,1
TBA,5
TBA,6
TBA,2
TBA,4
TBA,3
TBA,7
TBA,8
TBA,9
TBA,3
TBA,2
TBA,10
UBA,1
UBA,5
UBA,6
UBA,7
UBA,2
UBA,4
UBA,3
UBA,8
UBA,9
UBA,3
UBA,2
UBA,3
UBA,2
UBA,10
UBA,13
VBA,1
VBA,5
VBA,2
VBA,3
VBA,6
WBA,1
WBA,5
WBA,6
WBA,3
WBA,4
WBA,2
WBA,9
WBA,9
WBA,3
WBA,3
WBA,3
WBA,10
XBA,1
XBA,5
XBA,6
XBA,2
XBA,4
XBA,3
XBA,9
XBA,9
XBA,14
XBA,4
XBA,2
XBA,3
XBA,2
XBA,4
XBA,7
XBA,8
XBA,2
XBA,3
XBA,4
XBA,4
XBA,2
XBA,3
XBA,9
XBA,2
XBA,2
XBA,10
XBA,13
YBA,1
YBA,5
YBA,6
YBA,3
YBA,2
YBA,4
YBA,7
YBA,8
YBA,9
YBA,2
YBA,3
YBA,2
YBA,3
YBA,10
ZBA,1
ZBA,5
ZBA,4
ZBA,2
ZBA,3
ZBA,6
ZBA,7
ZBA,8
ZBA,9
ZBA,3
ZBA,10
ACA,1
ACA,5
ACA,6
ACA,3
ACA,4
ACA,2
ACA,7
ACA,8
BCA,1
BCA,5
BCA,6
BCA,7
BCA,2
BCA,4
BCA,3
BCA,8
BCA,9
BCA,3
BCA,2
BCA,4
BCA,4
BCA,3
BCA,2
BCA,2
BCA,3
BCA,4
BCA,16
CCA,1
CCA,5
CCA,6
CCA,3
CCA,2
CCA,4
CCA,7
CCA,8
DCA,1
DCA,5
DCA,6
DCA,4
DCA,2
DCA,3
DCA,7
DCA,8
DCA,9
DCA,2
DCA,3
DCA,10
DCA,13
ECA,1
ECA,5
ECA,2
ECA,4
ECA,3
ECA,14
ECA,6
ECA,7
ECA,8
ECA,2
ECA,4
ECA,3
ECA,3
ECA,4
ECA,2
ECA,9
ECA,2
ECA,3
ECA,10
FCA,1
FCA,5
FCA,6
FCA,4
FCA,3
FCA,2
FCA,7
FCA,8
FCA,9
FCA,2
FCA,3
FCA,2
FCA,3
FCA,10
FCA,13
GCA,1
GCA,5
GCA,6
GCA,3
GCA,4
GCA,2
GCA,7
GCA,8
GCA,9
GCA,3
GCA,2
GCA,2
GCA,10
GCA,13
HCA,1
HCA,5
HCA,6
HCA,7
HCA,3
HCA,2
HCA,4
HCA,8
ICA,1
ICA,5
ICA,6
ICA,3
ICA,2
JCA,1
JCA,5
JCA,6
JCA,3
JCA,2
JCA,4
JCA,7
JCA,8
JCA,9
JCA,3
JCA,2
JCA,3
JCA,2
JCA,3
JCA,3
JCA,2
JCA,15
JCA,13
KCA,1
KCA,7
KCA,5
KCA,6
KCA,3
KCA,2
KCA,8
KCA,9
KCA,2
KCA,3
KCA,10
LCA,1
LCA,5
LCA,6
LCA,7
LCA,2
LCA,3
LCA,4
LCA,8
MCA,1
MCA,5
MCA,6
MCA,2
MCA,3
NCA,7
NCA,1
NCA,5
NCA,6
NCA,8
NCA,2
NCA,3
NCA,4
NCA,9
NCA,9
NCA,3
NCA,2
NCA,3
NCA,2
NCA,3
NCA,10
NCA,13
OCA,1
OCA,5
OCA,6
OCA,2
OCA,3
PCA,1
PCA,5
PCA,6
PCA,2
PCA,3
PCA,4
PCA,9
PCA,2
PCA,3
PCA,4
QCA,1
QCA,5
QCA,6
QCA,3
QCA,2
QCA,4
QCA,7
QCA,8
QCA,9
QCA,2
QCA,3
QCA,9
QCA,3
QCA,2
QCA,10
RCA,1
RCA,5
RCA,6
RCA,3
RCA,2
RCA,4
RCA,7
RCA,8
RCA,9
RCA,4
RCA,9
RCA,2
RCA,3
RCA,10
RCA,13
SCA,1
SCA,7
SCA,5
SCA,6
SCA,2
SCA,3
SCA,4
SCA,8
SCA,14
SCA,2
SCA,3
SCA,4
SCA,9
SCA,2
SCA,9
SCA,10
SCA,13
TCA,1
TCA,5
TCA,6
TCA,3
TCA,4
TCA,2
TCA,7
TCA,8
TCA,9
TCA,2
TCA,3
TCA,2
TCA,3
TCA,3
TCA,2
TCA,3
TCA,2
TCA,3
TCA,2
TCA,10
TCA,13
UCA,1
UCA,5
UCA,6
UCA,2
UCA,3
VCA,1
VCA,5
VCA,6
VCA,4
VCA,3
VCA,2
VCA,7
VCA,8
VCA,9
VCA,3
VCA,2
VCA,3
VCA,2
VCA,10
VCA,13
WCA,1
WCA,5
WCA,6
WCA,7
WCA,8
WCA,3
WCA,4
WCA,2
WCA,14
WCA,2
WCA,3
WCA,4
WCA,4
WCA,3
WCA,2
WCA,9
WCA,3
WCA,3
WCA,2
WCA,10
XCA,1
XCA,5
XCA,6
XCA,4
XCA,2
XCA,3
XCA,7
XCA,8
XCA,9
XCA,9
XCA,3
XCA,2
XCA,3
XCA,14
XCA,4
XCA,3
XCA,2
XCA,4
XCA,9
XCA,9
XCA,3
XCA,2
XCA,3
XCA,2
XCA,3
XCA,2
XCA,3
XCA,2
XCA,3
XCA,2
XCA,3
XCA,2
XCA,3
XCA,10
XCA,13
YCA,1
YCA,5
YCA,6
YCA,3
YCA,2
YCA,4
YCA,8
YCA,7
YCA,9
YCA,2
YCA,3
ZCA,1
ZCA,5
ZCA,6
ZCA,7
ZCA,3
ZCA,2
ZCA,4
ZCA,8
ZCA,4
ADA,1
ADA,5
ADA,6
ADA,4
ADA,2
ADA,3
ADA,8
ADA,9
ADA,3
ADA,2
ADA,3
ADA,2
ADA,3
ADA,2
ADA,3
ADA,2
ADA,3
ADA,3
ADA,2
ADA,10
ADA,13
ADA,3
ADA,2
ADA,4
BDA,1
BDA,5
BDA,6
BDA,2
BDA,3
BDA,4
BDA,7
BDA,8
BDA,9
BDA,9
BDA,2
BDA,10
CDA,1
CDA,5
CDA,6
DDA,1
DDA,5
DDA,6
DDA,7
DDA,8
DDA,3
DDA,2
DDA,4
DDA,9
DDA,3
DDA,2
DDA,3
DDA,2
DDA,2
DDA,3
DDA,3
DDA,10
EDA,1
EDA,5
EDA,6
EDA,2
EDA,3
EDA,4
EDA,7
EDA,8
EDA,9
EDA,3
EDA,10
EDA,13
FDA,1
FDA,5
FDA,6
FDA,3
FDA,4
FDA,2
FDA,8
FDA,9
FDA,2
FDA,3
FDA,9
FDA,7
FDA,3
FDA,2
FDA,2
FDA,3
FDA,10
FDA,13
GDA,1
GDA,5
GDA,6
GDA,2
GDA,3
GDA,9
GDA,9
GDA,10
GDA,13
HDA,1
HDA,5
HDA,6
HDA,7
HDA,8
HDA,4
HDA,2
HDA,3
HDA,9
HDA,3
HDA,10
HDA,13
IDA,1
IDA,5
IDA,6
IDA,2
IDA,3
IDA,4
IDA,7
IDA,8
IDA,9
IDA,9
IDA,2
IDA,10
IDA,13
JDA,1
JDA,5
JDA,2
JDA,3
JDA,4
JDA,6
JDA,7
JDA,8
KDA,1
KDA,5
KDA,6
LDA,1
LDA,5
LDA,6
LDA,8
LDA,3
LDA,4
LDA,2
LDA,7
LDA,9
LDA,3
LDA,2
LDA,9
LDA,3
LDA,2
LDA,10
MDA,7
MDA,1
MDA,5
MDA,2
MDA,3
MDA,4
MDA,6
MDA,8
MDA,14
MDA,4
MDA,3
MDA,2
NDA,1
NDA,5
NDA,6
NDA,7
NDA,4
NDA,2
NDA,3
NDA,8
NDA,14
NDA,4
NDA,3
NDA,2
NDA,9
NDA,9
NDA,10
ODA,1
ODA,5
ODA,6
ODA,7
ODA,8
ODA,3
ODA,2
ODA,4
ODA,9
ODA,2
ODA,3
ODA,2
ODA,3
ODA,2
ODA,3
ODA,9
ODA,2
ODA,3
ODA,3
ODA,2
ODA,2
ODA,3
ODA,15
PDA,1
PDA,5
PDA,6
PDA,2
PDA,3
PDA,4
PDA,7
PDA,8
PDA,9
PDA,9
PDA,3
PDA,2
PDA,4
PDA,2
PDA,3
PDA,10
QDA,1
QDA,5
QDA,6
QDA,2
QDA,3
QDA,9
QDA,2
QDA,10
QDA,13
RDA,1
RDA,5
RDA,6
RDA,7
RDA,3
RDA,2
RDA,4
RDA,8
SDA,1
SDA,5
SDA,6
SDA,3
SDA,2
SDA,4
SDA,7
SDA,8
SDA,9
SDA,2
SDA,3
SDA,2
SDA,3
SDA,10
TDA,1
TDA,5
TDA,6
TDA,7
TDA,8
TDA,2
TDA,3
TDA,4
TDA,9
TDA,10
UDA,2
UDA,3
UDA,1
UDA,5
UDA,6
UDA,3
UDA,4
UDA,2
UDA,7
UDA,8
UDA,9
UDA,2
UDA,3
UDA,9
UDA,3
UDA,2
UDA,2
UDA,2
UDA,3
UDA,2
UDA,3
UDA,3
UDA,2
UDA,3
UDA,2
UDA,2
UDA,3
UDA,2
UDA,3
UDA,10
VDA,1
VDA,5
VDA,6
VDA,7
VDA,2
VDA,3
VDA,4
VDA,8
VDA,9
VDA,2
VDA,3
VDA,10
VDA,13
WDA,7
WDA,1
WDA,5
WDA,6
WDA,4
WDA,2
WDA,3
WDA,8
WDA,14
WDA,2
WDA,3
WDA,4
WDA,3
WDA,4
WDA,2
WDA,9
WDA,2
WDA,3
WDA,2
WDA,3
WDA,2
WDA,3
WDA,2
WDA,3
WDA,3
WDA,2
WDA,2
WDA,3
WDA,2
WDA,3
WDA,10
XDA,1
XDA,5
XDA,6
XDA,4
XDA,2
XDA,3
YDA,1
YDA,5
YDA,6
YDA,7
YDA,8
YDA,2
YDA,4
YDA,3
YDA,9
YDA,2
YDA,3
YDA,10
YDA,13
ZDA,1
ZDA,5
ZDA,6
ZDA,7
ZDA,4
ZDA,2
ZDA,3
ZDA,8
ZDA,14
ZDA,3
ZDA,2
ZDA,4
ZDA,4
ZDA,2
ZDA,9
ZDA,3
ZDA,10
ZDA,13
AEA,1
AEA,5
AEA,6
AEA,4
AEA,3
AEA,2
AEA,7
AEA,8
AEA,9
BEA,3
BEA,2
BEA,4
BEA,1
BEA,5
BEA,6
BEA,8
BEA,7
CEA,1
CEA,5
CEA,3
CEA,2
CEA,4
CEA,6
CEA,7
CEA,8
CEA,9
CEA,3
CEA,2
CEA,3
CEA,3
CEA,10
DEA,1
DEA,5
DEA,6
DEA,7
DEA,4
DEA,3
DEA,2
DEA,8
DEA,9
DEA,2
DEA,3
DEA,9
DEA,3
DEA,10
EEA,1
EEA,5
EEA,6
EEA,3
EEA,2
EEA,4
EEA,8
EEA,7
EEA,9
EEA,2
EEA,3
EEA,10
EEA,13
FEA,1
FEA,5
FEA,2
FEA,3
FEA,4
FEA,6
FEA,7
FEA,8
FEA,9
FEA,10
GEA,1
GEA,5
GEA,6
GEA,2
GEA,3
GEA,4
GEA,8
GEA,9
GEA,7
GEA,2
GEA,3
GEA,3
GEA,2
GEA,10
HEA,1
HEA,5
HEA,6
HEA,7
HEA,3
HEA,2
HEA,4
HEA,8
HEA,9
HEA,2
HEA,3
HEA,3
HEA,2
HEA,2
HEA,3
HEA,10
HEA,13
HEA,3
HEA,2
IEA,1
IEA,7
IEA,5
IEA,6
IEA,8
IEA,4
IEA,2
IEA,3
IEA,9
IEA,3
IEA,2
IEA,10
IEA,13
JEA,1
JEA,5
JEA,6
JEA,7
JEA,2
JEA,4
JEA,3
JEA,8
JEA,9
KEA,1
KEA,5
KEA,6
KEA,2
KEA,4
KEA,3
KEA,7
KEA,8
LEA,1
LEA,5
LEA,6
LEA,7
LEA,3
LEA,4
LEA,2
LEA,8
LEA,9
LEA,3
LEA,2
LEA,3
LEA,3
LEA,14
LEA,2
LEA,3
LEA,4
LEA,2
LEA,4
LEA,2
LEA,3
LEA,2
LEA,4
LEA,2
LEA,2
LEA,2
LEA,2
LEA,2
LEA,2
LEA,11
MEA,1
MEA,5
MEA,6
MEA,4
MEA,3
MEA,2
MEA,7
MEA,8
MEA,9
MEA,3
MEA,2
MEA,9
MEA,2
MEA,3
MEA,2
MEA,3
MEA,2
MEA,3
MEA,3
MEA,2
MEA,10
NEA,1
NEA,5
NEA,6
NEA,2
NEA,4
NEA,3
NEA,8
NEA,14
NEA,3
NEA,4
NEA,2
NEA,2
NEA,2
NEA,2
NEA,2
NEA,3
NEA,4
NEA,2
NEA,3
NEA,4
NEA,4
NEA,3
NEA,2
NEA,9
NEA,2
NEA,3
NEA,2
NEA,3
NEA,2
NEA,3
NEA,3
NEA,2
NEA,2
NEA,3
NEA,2
NEA,3
NEA,3
NEA,2
NEA,2
NEA,3
NEA,2
NEA,3
NEA,2
NEA,3
NEA,2
NEA,3
NEA,2
NEA,3
NEA,2
NEA,3
NEA,10
OEA,1
OEA,5
OEA,3
OEA,4
OEA,2
OEA,6
OEA,7
OEA,8
OEA,9
OEA,9
OEA,2
OEA,3
OEA,3
OEA,2
OEA,3
OEA,2
OEA,2
OEA,3
OEA,15
OEA,13
PEA,1
PEA,5
PEA,6
PEA,4
PEA,2
PEA,3
PEA,7
PEA,8
PEA,9
PEA,10
QEA,1
QEA,2
QEA,3
QEA,5
QEA,6
QEA,7
QEA,8
REA,1
REA,5
REA,6
REA,2
REA,3
REA,4
SEA,1
SEA,5
SEA,6
SEA,8
SEA,3
SEA,2
SEA,4
SEA,9
SEA,10
SEA,13
TEA,1
TEA,5
TEA,3
TEA,2
TEA,4
TEA,9
TEA,6
TEA,7
TEA,8
TEA,9
TEA,2
TEA,3
TEA,10
UEA,1
UEA,5
UEA,6
VEA,1
VEA,5
VEA,6
VEA,4
VEA,3
VEA,2
VEA,7
VEA,8
WEA,1
WEA,5
WEA,6
WEA,3
WEA,2
WEA,7
WEA,8
XEA,1
XEA,5
XEA,6
XEA,2
XEA,3
XEA,4
XEA,7
XEA,8
XEA,9
XEA,3
XEA,2
XEA,10
YEA,1
YEA,5
YEA,6
YEA,4
YEA,2
YEA,3
YEA,7
YEA,8
YEA,9
YEA,10
ZEA,1
ZEA,5
ZEA,6
ZEA,7
ZEA,8
ZEA,3
ZEA,2
ZEA,4
ZEA,14
ZEA,4
ZEA,3
ZEA,2
ZEA,3
ZEA,2
ZEA,4
ZEA,9
ZEA,10
ZEA,13
AFA,1
AFA,5
AFA,6
AFA,2
AFA,3
AFA,8
AFA,9
AFA,3
AFA,3
AFA,3
AFA,3
AFA,10
AFA,13
BFA,2
BFA,3
BFA,1
BFA,5
BFA,6
BFA,7
BFA,8
BFA,3
BFA,2
BFA,4
BFA,9
BFA,2
BFA,4
BFA,9
BFA,2
BFA,3
BFA,14
BFA,4
BFA,2
BFA,3
BFA,11
CFA,1
CFA,5
CFA,6
CFA,4
CFA,3
CFA,2
CFA,8
CFA,9
CFA,3
CFA,2
CFA,9
CFA,3
CFA,2
CFA,2
CFA,3
CFA,2
CFA,3
CFA,10
DFA,1
DFA,5
DFA,6
DFA,2
DFA,3
DFA,9
DFA,9
DFA,2
DFA,3
DFA,10
EFA,1
EFA,5
EFA,6
EFA,2
EFA,3
EFA,4
FFA,1
FFA,5
FFA,6
GFA,1
GFA,5
GFA,6
GFA,4
GFA,2
GFA,3
GFA,7
GFA,8
GFA,9
GFA,10
HFA,1
HFA,5
HFA,6
HFA,7
HFA,4
HFA,2
HFA,3
HFA,8
IFA,1
IFA,5
IFA,6
IFA,2
IFA,3
IFA,4
IFA,7
IFA,8
JFA,1
JFA,5
JFA,6
JFA,2
JFA,3
JFA,9
JFA,10
JFA,13
KFA,1
KFA,5
KFA,6
KFA,7
KFA,2
KFA,3
KFA,4
KFA,8
KFA,9
KFA,9
KFA,3
KFA,2
KFA,3
KFA,10
KFA,13
LFA,1
LFA,5
LFA,6
LFA,3
LFA,4
LFA,2
LFA,7
LFA,8
LFA,9
LFA,10
MFA,1
MFA,5
MFA,2
MFA,3
MFA,4
MFA,6
MFA,7
MFA,8
MFA,9
MFA,2
MFA,3
MFA,10
MFA,13
NFA,1
NFA,5
NFA,6
NFA,3
NFA,2
NFA,4
NFA,7
NFA,8
OFA,1
OFA,4
OFA,2
OFA,3
OFA,5
OFA,6
OFA,8
PFA,1
PFA,5
PFA,6
PFA,7
PFA,8
PFA,2
PFA,4
PFA,3
PFA,14
PFA,4
PFA,3
PFA,4
PFA,2
PFA,4
PFA,3
PFA,2
PFA,9
PFA,2
PFA,3
PFA,10
QFA,1
QFA,5
QFA,6
QFA,3
QFA,2
QFA,4
QFA,9
QFA,11
RFA,1
RFA,7
RFA,5
RFA,6
RFA,8
RFA,4
RFA,2
RFA,3
RFA,9
RFA,11
SFA,1
SFA,5
SFA,6
SFA,7
SFA,3
SFA,4
SFA,2
SFA,8
SFA,9
SFA,5
SFA,2
SFA,3
SFA,3
SFA,2
SFA,10
SFA,13
TFA,1
TFA,5
TFA,2
TFA,4
TFA,3
TFA,6
UFA,1
UFA,5
UFA,4
UFA,2
UFA,3
UFA,6
UFA,7
UFA,8
VFA,1
VFA,5
VFA,6
VFA,2
VFA,3
VFA,4
VFA,8
VFA,7
VFA,9
VFA,9
VFA,2
VFA,3
VFA,2
VFA,3
VFA,2
VFA,10
WFA,1
WFA,5
WFA,6
WFA,7
WFA,8
WFA,2
WFA,4
WFA,3
WFA,9
WFA,2
WFA,3
WFA,10
WFA,13
XFA,1
XFA,5
XFA,6
XFA,2
XFA,3
XFA,9
XFA,14
XFA,2
XFA,3
XFA,4
XFA,3
XFA,4
XFA,2
XFA,2
XFA,3
XFA,4
XFA,9
XFA,10
XFA,13
YFA,1
YFA,5
YFA,6
YFA,7
YFA,8
YFA,2
YFA,4
YFA,3
YFA,9
YFA,2
YFA,3
YFA,10
ZFA,1
ZFA,5
ZFA,6
ZFA,2
ZFA,3
ZFA,4
ZFA,7
ZFA,8
ZFA,9
ZFA,2
ZFA,3
ZFA,10
ZFA,13
AGA,1
AGA,5
AGA,6
AGA,4
AGA,2
AGA,3
AGA,7
AGA,8
AGA,9
AGA,2
AGA,3
AGA,9
AGA,3
AGA,2
AGA,10
BGA,1
BGA,3
BGA,4
BGA,2
BGA,5
BGA,6
BGA,7
BGA,8
BGA,9
BGA,2
BGA,3
BGA,10
CGA,1
CGA,5
CGA,6
CGA,2
CGA,3
CGA,7
CGA,8
CGA,9
CGA,9
CGA,11
DGA,1
DGA,5
DGA,6
DGA,7
DGA,8
DGA,3
DGA,4
DGA,2
DGA,9
DGA,2
DGA,3
DGA,2
DGA,2
DGA,3
DGA,3
DGA,2
DGA,9
DGA,12
EGA,1
EGA,5
EGA,6
EGA,7
EGA,2
EGA,3
EGA,4
EGA,8
EGA,9
EGA,9
EGA,3
EGA,2
EGA,10
FGA,1
FGA,5
FGA,6
FGA,3
FGA,2
FGA,4
FGA,8
FGA,9
FGA,3
FGA,2
FGA,7
GGA,1
GGA,5
GGA,6
GGA,4
GGA,2
GGA,3
GGA,7
GGA,8
HGA,1
HGA,5
HGA,2
HGA,3
HGA,4
HGA,6
HGA,7
HGA,8
HGA,9
HGA,2
HGA,3
HGA,4
HGA,2
HGA,3
HGA,3
HGA,10
IGA,1
IGA,5
IGA,6
IGA,7
IGA,2
IGA,3
IGA,4
IGA,8
IGA,9
IGA,9
IGA,3
IGA,2
IGA,2
IGA,3
IGA,10
IGA,13
JGA,1
JGA,5
JGA,6
JGA,2
JGA,3
JGA,4
JGA,9
JGA,10
KGA,1
KGA,5
KGA,6
KGA,2
KGA,3
KGA,9
LGA,5
LGA,1
LGA,2
LGA,3
LGA,4
LGA,6
LGA,9
LGA,7
LGA,8
MGA,1
MGA,5
MGA,6
MGA,7
MGA,8
MGA,3
MGA,4
MGA,2
MGA,9
MGA,2
MGA,3
MGA,11
NGA,1
NGA,5
NGA,6
NGA,7
NGA,3
NGA,2
NGA,4
NGA,8
NGA,9
NGA,2
NGA,9
NGA,3
NGA,4
NGA,2
NGA,4
NGA,3
NGA,2
NGA,4
NGA,14
NGA,3
NGA,4
NGA,2
NGA,3
NGA,2
NGA,4
NGA,4
NGA,2
NGA,3
NGA,3
NGA,4
NGA,2
NGA,3
NGA,2
NGA,4
NGA,2
NGA,3
NGA,4
NGA,4
NGA,3
NGA,2
NGA,4
NGA,2
NGA,3
NGA,4
NGA,2
NGA,4
NGA,3
NGA,2
NGA,4
NGA,3
NGA,2
NGA,4
NGA,4
NGA,2
NGA,3
NGA,2
NGA,4
NGA,3
NGA,3
NGA,4
NGA,2
NGA,3
NGA,2
NGA,4
NGA,3
NGA,2
NGA,4
NGA,2
NGA,4
NGA,3
NGA,3
NGA,2
NGA,4
NGA,3
NGA,2
NGA,4
NGA,4
NGA,2
NGA,3
NGA,2
NGA,3
NGA,4
NGA,2
NGA,4
NGA,3
NGA,3
NGA,4
NGA,2
NGA,2
NGA,3
NGA,4
NGA,2
NGA,3
NGA,4
NGA,2
NGA,4
NGA,3
NGA,9
NGA,2
NGA,3
NGA,2
NGA,3
NGA,3
NGA,2
NGA,2
NGA,3
NGA,2
NGA,3
NGA,3
NGA,2
NGA,2
NGA,3
NGA,3
NGA,2
NGA,2
NGA,3
NGA,3
NGA,2
NGA,3
NGA,2
NGA,2
NGA,3
NGA,2
NGA,3
NGA,2
NGA,2
NGA,3
NGA,9
NGA,3
NGA,2
NGA,2
NGA,3
NGA,2
NGA,3
NGA,2
NGA,3
NGA,3
NGA,2
NGA,3
NGA,2
NGA,3
NGA,2
NGA,2
NGA,3
NGA,3
NGA,2
NGA,2
NGA,3
NGA,3
NGA,2
NGA,2
NGA,3
NGA,2
NGA,3
NGA,3
NGA,2
NGA,2
NGA,2
NGA,3
NGA,2
NGA,3
NGA,2
NGA,3
NGA,3
NGA,2
NGA,3
NGA,2
NGA,2
NGA,3
NGA,2
NGA,3
NGA,3
NGA,2
NGA,2
NGA,3
NGA,2
NGA,3
NGA,3
NGA,2
NGA,2
NGA,3
NGA,2
NGA,3
NGA,2
NGA,12
OGA,1
OGA,5
OGA,6
OGA,7
OGA,4
OGA,2
OGA,3
OGA,8
OGA,9
OGA,9
OGA,3
OGA,2
OGA,10
PGA,1
PGA,5
PGA,6
PGA,7
PGA,8
PGA,4
PGA,2
PGA,3
PGA,9
PGA,9
PGA,14
PGA,2
PGA,3
PGA,4
PGA,4
PGA,4
PGA,2
PGA,3
PGA,9
PGA,2
PGA,3
PGA,10
PGA,13
QGA,1
QGA,5
QGA,6
QGA,3
QGA,4
QGA,2
QGA,8
RGA,1
RGA,5
RGA,6
RGA,7
RGA,3
RGA,2
RGA,4
RGA,8
RGA,9
RGA,2
RGA,3
RGA,2
RGA,3
RGA,10
SGA,1
SGA,5
SGA,3
SGA,4
SGA,2
SGA,6
SGA,7
SGA,8
SGA,14
SGA,2
SGA,3
SGA,4
SGA,3
SGA,2
SGA,4
SGA,11
TGA,1
TGA,5
TGA,6
TGA,7
TGA,8
TGA,4
TGA,2
TGA,3
TGA,9
TGA,9
TGA,2
TGA,3
TGA,2
TGA,3
TGA,10
UGA,1
UGA,5
UGA,6
UGA,4
UGA,3
UGA,2
UGA,8
UGA,9
UGA,2
UGA,3
UGA,9
UGA,3
UGA,2
UGA,3
UGA,10
VGA,1
VGA,5
VGA,4
VGA,2
VGA,3
VGA,6
VGA,7
VGA,8
WGA,1
WGA,5
WGA,6
WGA,2
WGA,3
WGA,4
WGA,7
WGA,8
WGA,9
WGA,3
WGA,14
WGA,3
WGA,2
WGA,4
WGA,4
WGA,2
WGA,3
WGA,2
WGA,4
WGA,3
WGA,3
WGA,2
WGA,4
WGA,4
WGA,3
WGA,2
WGA,9
WGA,2
WGA,3
WGA,9
WGA,2
WGA,3
WGA,3
WGA,2
WGA,15
WGA,13
XGA,1
XGA,3
XGA,2
XGA,4
XGA,5
XGA,6
XGA,7
XGA,8
XGA,9
XGA,3
XGA,2
XGA,2
XGA,3
XGA,10
XGA,13
YGA,1
YGA,5
YGA,6
YGA,2
YGA,3
YGA,4
YGA,7
YGA,8
YGA,9
YGA,2
YGA,3
YGA,9
YGA,10
YGA,13
ZGA,1
ZGA,5
ZGA,6
ZGA,2
ZGA,3
ZGA,4
ZGA,7
ZGA,8
ZGA,9
ZGA,3
ZGA,2
ZGA,2
ZGA,3
ZGA,2
ZGA,3
ZGA,2
ZGA,3
ZGA,2
ZGA,3
ZGA,2
ZGA,3
ZGA,2
ZGA,3
ZGA,3
ZGA,2
ZGA,2
ZGA,3
ZGA,10
ZGA,13
AHA,1
AHA,5
AHA,6
AHA,7
AHA,4
AHA,2
AHA,3
AHA,8
AHA,9
AHA,2
AHA,3
AHA,10
BHA,1
BHA,5
BHA,6
BHA,7
BHA,4
BHA,2
BHA,3
BHA,8
BHA,3
BHA,2
BHA,9
BHA,9
BHA,3
BHA,2
BHA,10
CHA,1
CHA,5
CHA,6
CHA,3
CHA,4
CHA,2
CHA,8
CHA,7
CHA,9
CHA,2
CHA,3
CHA,10
CHA,13
DHA,1
DHA,5
DHA,6
DHA,3
DHA,2
DHA,9
DHA,3
DHA,15
EHA,1
EHA,5
EHA,6
EHA,3
EHA,4
EHA,2
EHA,7
EHA,8
EHA,14
EHA,3
EHA,2
EHA,4
EHA,4
EHA,2
EHA,3
EHA,4
EHA,2
EHA,3
EHA,2
EHA,3
EHA,4
EHA,2
EHA,3
EHA,4
EHA,9
EHA,3
EHA,2
EHA,3
EHA,2
EHA,10
FHA,1
FHA,5
FHA,6
FHA,3
FHA,4
FHA,2
FHA,8
FHA,9
FHA,2
FHA,3
FHA,3
FHA,10
FHA,13
GHA,1
GHA,5
GHA,6
GHA,2
GHA,3
GHA,4
GHA,2
GHA,3
GHA,4
GHA,7
GHA,8
GHA,9
GHA,3
GHA,10
HHA,1
HHA,5
HHA,6
HHA,4
HHA,3
HHA,2
HHA,7
HHA,8
HHA,14
HHA,4
HHA,2
HHA,3
HHA,9
HHA,2
HHA,3
HHA,10
IHA,1
IHA,5
IHA,6
IHA,2
IHA,4
IHA,3
IHA,7
IHA,8
IHA,9
IHA,3
IHA,2
IHA,2
IHA,3
IHA,2
IHA,3
IHA,10
JHA,1
JHA,5
JHA,6
JHA,2
JHA,9
JHA,2
JHA,10
KHA,1
KHA,7
KHA,5
KHA,6
KHA,8
KHA,3
KHA,2
KHA,4
KHA,9
KHA,10
LHA,1
LHA,5
LHA,6
LHA,7
LHA,8
LHA,3
LHA,2
LHA,4
LHA,9
LHA,3
LHA,2
LHA,9
LHA,10
MHA,1
MHA,5
MHA,6
MHA,2
MHA,3
MHA,4
MHA,7
MHA,8
MHA,9
MHA,3
MHA,3
MHA,10
MHA,13
NHA,1
NHA,5
NHA,6
NHA,3
NHA,2
NHA,4
NHA,7
NHA,8
NHA,9
NHA,9
NHA,10
OHA,1
OHA,5
OHA,3
OHA,2
OHA,4
OHA,6
OHA,7
OHA,8
OHA,9
OHA,2
OHA,3
OHA,3
OHA,10
PHA,1
PHA,5
PHA,6
PHA,3
PHA,2
PHA,4
PHA,7
PHA,8
QHA,1
QHA,5
QHA,6
QHA,7
QHA,4
QHA,2
QHA,3
QHA,8
QHA,9
QHA,3
QHA,2
QHA,2
QHA,3
QHA,10
RHA,1
RHA,5
RHA,6
RHA,2
RHA,3
RHA,9
RHA,3
RHA,2
RHA,10
SHA,1
SHA,5
SHA,6
SHA,7
SHA,8
SHA,2
SHA,4
SHA,3
SHA,14
SHA,2
SHA,4
SHA,3
SHA,9
SHA,3
SHA,2
SHA,2
SHA,10
THA,1
THA,3
THA,2
THA,4
THA,5
THA,6
THA,7
THA,8
THA,9
THA,3
THA,2
THA,10
UHA,1
UHA,5
UHA,6
UHA,2
UHA,3
VHA,1
VHA,5
VHA,6
VHA,2
VHA,3
WHA,1
WHA,5
WHA,6
WHA,8
WHA,7
WHA,2
WHA,3
WHA,4
WHA,9
WHA,2
WHA,3
WHA,10
XHA,1
XHA,5
XHA,2
XHA,3
XHA,4
XHA,6
XHA,7
XHA,8
XHA,14
XHA,2
XHA,3
XHA,4
YHA,1
YHA,5
YHA,4
YHA,3
YHA,2
YHA,6
YHA,7
YHA,8
YHA,9
YHA,2
YHA,3
YHA,3
YHA,2
YHA,2
YHA,3
YHA,10
ZHA,1
ZHA,5
ZHA,6
ZHA,7
ZHA,8
ZHA,14
ZHA,3
ZHA,2
ZHA,4
ZHA,3
ZHA,2
ZHA,4
ZHA,3
ZHA,4
ZHA,2
ZHA,2
ZHA,3
ZHA,4
ZHA,2
ZHA,3
ZHA,4
ZHA,9
ZHA,2
ZHA,3
ZHA,10
ZHA,13
AIA,1
AIA,5
AIA,3
AIA,2
AIA,4
AIA,6
AIA,7
AIA,8
AIA,9
AIA,2
AIA,9
AIA,2
AIA,2
AIA,2
AIA,2
AIA,10
AIA,13
BIA,7
BIA,1
BIA,5
BIA,6
BIA,4
BIA,2
BIA,3
BIA,8
BIA,14
BIA,4
BIA,3
BIA,2
BIA,2
BIA,3
BIA,4
BIA,2
BIA,4
BIA,3
BIA,3
BIA,2
BIA,4
BIA,3
BIA,4
BIA,2
BIA,4
BIA,2
BIA,3
BIA,3
BIA,2
BIA,4
BIA,9
BIA,3
BIA,2
BIA,2
BIA,10
BIA,13
CIA,1
CIA,5
CIA,6
CIA,2
CIA,3
DIA,1
DIA,5
DIA,6
DIA,3
DIA,2
EIA,1
EIA,5
EIA,6
EIA,2
EIA,3
EIA,4
EIA,7
EIA,8
EIA,9
EIA,3
EIA,10
EIA,13
FIA,1
FIA,5
FIA,6
FIA,2
FIA,4
FIA,3
FIA,9
FIA,4
FIA,2
FIA,3
FIA,9
FIA,9
FIA,12
GIA,1
GIA,5
GIA,6
GIA,2
GIA,4
GIA,3
GIA,8
HIA,1
HIA,5
HIA,6
HIA,3
HIA,2
HIA,4
HIA,8
HIA,7
HIA,9
HIA,2
HIA,3
HIA,9
HIA,3
HIA,2
HIA,10
HIA,13
IIA,1
IIA,5
IIA,6
IIA,2
IIA,4
IIA,3
IIA,7
IIA,8
IIA,9
IIA,2
IIA,3
IIA,3
IIA,10
JIA,3
JIA,2
JIA,1
JIA,5
JIA,6
JIA,2
JIA,3
JIA,7
JIA,8
KIA,1
KIA,5
KIA,6
KIA,7
KIA,2
KIA,3
KIA,4
KIA,8
KIA,9
KIA,2
KIA,3
KIA,3
KIA,10
LIA,1
LIA,5
LIA,6
LIA,3
LIA,4
LIA,2
LIA,7
LIA,8
LIA,14
LIA,4
LIA,2
LIA,3
LIA,4
LIA,2
LIA,3
LIA,4
LIA,9
LIA,2
LIA,3
LIA,2
LIA,3
LIA,3
LIA,2
LIA,2
LIA,3
LIA,2
LIA,3
LIA,2
LIA,3
LIA,10
LIA,13
MIA,1
MIA,5
MIA,6
MIA,2
MIA,4
MIA,3
MIA,8
MIA,7
MIA,9
MIA,3
MIA,2
MIA,10
MIA,13
NIA,1
NIA,5
NIA,6
NIA,4
NIA,3
NIA,2
NIA,7
NIA,8
NIA,9
NIA,2
NIA,3
NIA,10
NIA,13
OIA,1
OIA,5
OIA,6
OIA,2
OIA,4
OIA,3
OIA,8
OIA,7
OIA,9
OIA,9
OIA,2
OIA,3
OIA,3
OIA,2
OIA,10
PIA,1
PIA,5
PIA,6
PIA,2
PIA,3
PIA,4
PIA,7
PIA,8
PIA,9
PIA,2
PIA,3
PIA,9
PIA,2
PIA,3
PIA,3
PIA,3
PIA,2
PIA,2
PIA,3
PIA,2
PIA,14
PIA,2
PIA,3
PIA,4
PIA,2
PIA,2
PIA,2
PIA,4
PIA,2
PIA,3
PIA,2
PIA,2
PIA,2
PIA,2
PIA,3
PIA,4
PIA,2
PIA,2
PIA,3
PIA,4
PIA,9
PIA,2
PIA,3
PIA,10
PIA,13
QIA,1
QIA,5
QIA,6
QIA,8
QIA,7
QIA,2
QIA,3
QIA,4
QIA,9
QIA,3
QIA,2
QIA,9
QIA,3
QIA,2
QIA,10
QIA,13
RIA,1
RIA,5
RIA,6
RIA,2
RIA,4
RIA,3
RIA,7
RIA,8
RIA,9
RIA,9
RIA,3
RIA,2
RIA,10
SIA,1
SIA,2
SIA,3
SIA,4
SIA,7
SIA,5
SIA,6
SIA,8
TIA,1
TIA,5
TIA,6
TIA,2
TIA,3
TIA,9
TIA,9
TIA,2
TIA,3
TIA,3
TIA,2
TIA,2
TIA,2
TIA,3
TIA,10
UIA,1
UIA,3
UIA,2
UIA,4
UIA,5
UIA,6
UIA,7
UIA,8
UIA,9
UIA,3
UIA,2
UIA,3
UIA,10
VIA,1
VIA,5
VIA,6
VIA,2
VIA,3
VIA,4
VIA,8
VIA,7
VIA,14
VIA,3
VIA,2
VIA,4
VIA,2
VIA,4
VIA,4
VIA,3
VIA,2
VIA,2
VIA,3
VIA,4
VIA,2
VIA,4
VIA,3
VIA,4
VIA,2
VIA,3
VIA,9
VIA,2
VIA,3
VIA,2
VIA,2
VIA,3
VIA,2
VIA,3
VIA,2
VIA,10
WIA,1
WIA,5
WIA,2
WIA,3
WIA,6
XIA,1
XIA,5
XIA,6
XIA,3
XIA,2
YIA,1
YIA,5
YIA,6
YIA,3
YIA,2
YIA,4
YIA,8
YIA,7
YIA,9
YIA,4
YIA,3
YIA,2
YIA,14
YIA,2
YIA,3
YIA,4
YIA,9
YIA,3
YIA,2
YIA,2
YIA,3
YIA,2
YIA,3
YIA,2
YIA,3
YIA,2
YIA,3
YIA,2
YIA,3
YIA,2
YIA,3
YIA,2
YIA,3
YIA,2
YIA,3
YIA,3
YIA,2
YIA,2
YIA,3
YIA,3
YIA,2
YIA,2
YIA,3
YIA,3
YIA,2
YIA,3
YIA,2
YIA,9
YIA,2
YIA,3
YIA,10
YIA,13
ZIA,1
ZIA,5
ZIA,6
ZIA,3
ZIA,2
ZIA,4
ZIA,7
ZIA,8
AJA,1
AJA,3
AJA,2
AJA,5
AJA,6
BJA,1
BJA,5
BJA,6
BJA,2
BJA,3
BJA,4
BJA,8
BJA,9
BJA,7
BJA,2
BJA,3
BJA,3
BJA,2
BJA,9
BJA,9
BJA,10
BJA,13
CJA,1
CJA,5
CJA,6
CJA,2
CJA,3
CJA,9
CJA,3
CJA,10
DJA,1
DJA,5
DJA,6
DJA,3
DJA,2
DJA,4
DJA,9
DJA,10
DJA,13
EJA,1
EJA,3
EJA,2
EJA,4
EJA,5
EJA,6
EJA,8
EJA,9
EJA,10
FJA,1
FJA,5
FJA,6
FJA,2
FJA,3
FJA,4
FJA,7
FJA,8
FJA,9
FJA,2
FJA,3
FJA,3
FJA,2
FJA,2
FJA,3
FJA,10
GJA,1
GJA,5
GJA,4
GJA,2
GJA,3
GJA,6
GJA,7
GJA,8
GJA,9
GJA,4
GJA,3
GJA,2
GJA,9
GJA,2
GJA,3
GJA,3
GJA,2
GJA,10
GJA,13
HJA,1
HJA,5
HJA,6
HJA,3
HJA,4
HJA,2
HJA,7
HJA,8
HJA,9
HJA,9
HJA,3
HJA,2
HJA,10
IJA,1
IJA,5
IJA,6
IJA,4
IJA,2
IJA,3
IJA,8
IJA,7
IJA,9
IJA,2
IJA,3
JJA,1
JJA,5
JJA,6
JJA,2
JJA,3
JJA,4
JJA,9
JJA,3
JJA,10
KJA,2
KJA,3
KJA,1
KJA,5
KJA,6
LJA,1
LJA,5
LJA,6
LJA,4
LJA,3
LJA,2
LJA,7
LJA,8
MJA,1
MJA,5
MJA,6
MJA,2
MJA,3
MJA,8
MJA,2
MJA,3
NJA,1
NJA,5
NJA,6
NJA,2
NJA,4
NJA,3
NJA,7
NJA,8
NJA,9
NJA,9
NJA,3
NJA,2
NJA,9
NJA,3
NJA,2
NJA,10
OJA,1
OJA,5
OJA,6
PJA,1
PJA,5
PJA,6
PJA,7
PJA,8
PJA,4
PJA,3
PJA,2
QJA,1
QJA,4
QJA,2
QJA,3
QJA,5
QJA,6
QJA,7
QJA,8
QJA,2
RJA,1
RJA,5
RJA,6
RJA,2
RJA,4
RJA,3
RJA,7
RJA,8
SJA,1
SJA,5
SJA,6
SJA,8
SJA,3
SJA,4
SJA,2
SJA,9
SJA,2
SJA,3
SJA,10
SJA,13
TJA,1
TJA,5
TJA,6
TJA,7
TJA,2
TJA,3
TJA,4
TJA,8
TJA,9
TJA,3
TJA,2
TJA,2
TJA,3
TJA,3
TJA,2
TJA,2
TJA,2
TJA,2
TJA,2
TJA,3
TJA,2
TJA,3
TJA,2
TJA,3
TJA,2
TJA,2
TJA,10
UJA,1
UJA,5
UJA,6
UJA,7
UJA,8
UJA,2
UJA,4
UJA,3
VJA,1
VJA,5
VJA,6
WJA,7
WJA,1
WJA,5
WJA,6
WJA,3
WJA,4
WJA,2
WJA,8
WJA,9
WJA,3
WJA,3
WJA,2
WJA,3
WJA,2
WJA,3
WJA,2
WJA,3
WJA,12
XJA,1
XJA,5
XJA,6
XJA,4
XJA,2
XJA,3
XJA,7
XJA,8
XJA,9
XJA,3
XJA,2
XJA,2
XJA,3
XJA,2
XJA,3
XJA,3
XJA,2
XJA,2
XJA,3
XJA,10
YJA,1
YJA,4
YJA,2
YJA,3
YJA,7
YJA,5
YJA,6
YJA,8
YJA,9
YJA,3
YJA,2
YJA,10
ZJA,1
ZJA,5
ZJA,6
ZJA,2
ZJA,3
ZJA,4
ZJA,7
ZJA,8
ZJA,9
ZJA,2
ZJA,2
ZJA,3
ZJA,3
ZJA,2
ZJA,3
ZJA,2
ZJA,2
ZJA,3
ZJA,2
ZJA,3
ZJA,2
ZJA,3
ZJA,10
AKA,1
AKA,5
AKA,6
BKA,1
BKA,5
BKA,6
BKA,2
BKA,3
BKA,4
BKA,4
BKA,7
BKA,8
BKA,9
BKA,2
BKA,3
BKA,9
BKA,3
BKA,2
BKA,3
BKA,2
BKA,10
BKA,13
CKA,1
CKA,5
CKA,6
CKA,7
CKA,4
CKA,2
CKA,3
CKA,8
CKA,9
CKA,3
CKA,4
CKA,2
CKA,2
CKA,2
CKA,3
CKA,4
CKA,10
DKA,1
DKA,5
DKA,2
DKA,4
DKA,3
DKA,6
DKA,7
DKA,8
DKA,9
DKA,9
DKA,2
DKA,3
DKA,10
DKA,13
EKA,1
EKA,5
EKA,6
EKA,7
EKA,3
EKA,2
EKA,4
EKA,8
EKA,9
EKA,3
EKA,2
EKA,3
EKA,2
EKA,10
FKA,1
FKA,5
FKA,6
FKA,2
FKA,3
FKA,4
FKA,9
FKA,2
FKA,3
FKA,9
FKA,10
GKA,1
GKA,5
GKA,6
GKA,3
GKA,4
GKA,2
HKA,1
HKA,5
HKA,6
HKA,3
HKA,4
HKA,2
HKA,7
HKA,8
HKA,9
HKA,2
HKA,9
HKA,3
HKA,3
HKA,2
HKA,2
HKA,2
HKA,2
HKA,3
HKA,15
IKA,1
IKA,5
IKA,7
IKA,2
IKA,3
IKA,4
IKA,6
IKA,8
JKA,1
JKA,5
JKA,6
JKA,7
JKA,4
JKA,3
JKA,2
JKA,8
JKA,9
JKA,2
JKA,3
JKA,3
JKA,11
KKA,1
KKA,5
KKA,6
KKA,4
KKA,3
KKA,2
KKA,7
KKA,8
KKA,14
KKA,2
KKA,4
KKA,3
KKA,9
KKA,10
LKA,1
LKA,5
LKA,6
LKA,2
LKA,3
LKA,4
LKA,7
LKA,8
LKA,9
LKA,2
LKA,3
LKA,2
LKA,3
LKA,3
LKA,2
LKA,2
LKA,3
LKA,2
LKA,3
LKA,2
LKA,3
LKA,10
LKA,2
LKA,13
MKA,1
MKA,5
MKA,6
MKA,3
MKA,2
MKA,7
MKA,8
MKA,9
MKA,2
MKA,3
MKA,14
MKA,3
MKA,4
MKA,2
MKA,3
MKA,4
MKA,2
MKA,2
MKA,3
MKA,4
MKA,2
MKA,4
MKA,3
MKA,4
MKA,3
MKA,2
MKA,3
MKA,2
MKA,4
MKA,4
MKA,2
MKA,3
MKA,4
MKA,3
MKA,2
MKA,2
MKA,3
MKA,4
MKA,2
MKA,3
MKA,4
MKA,3
MKA,2
MKA,4
MKA,4
MKA,2
MKA,3
MKA,2
MKA,4
MKA,3
MKA,9
MKA,10
NKA,1
NKA,5
NKA,7
NKA,3
NKA,2
NKA,4
NKA,6
NKA,8
NKA,9
NKA,10
OKA,1
OKA,5
OKA,6
OKA,2
OKA,3
OKA,4
OKA,7
OKA,8
OKA,9
OKA,2
OKA,3
OKA,10
PKA,1
PKA,5
PKA,2
PKA,4
PKA,3
PKA,6
PKA,8
PKA,9
PKA,9
PKA,2
PKA,3
PKA,3
PKA,2
PKA,10
PKA,13
QKA,1
QKA,5
QKA,6
QKA,2
QKA,3
QKA,4
QKA,7
QKA,8
QKA,2
QKA,9
QKA,3
QKA,2
QKA,10
QKA,13
RKA,1
RKA,5
RKA,6
RKA,4
RKA,2
RKA,3
RKA,9
RKA,3
RKA,2
RKA,10
SKA,1
SKA,5
SKA,6
TKA,1
TKA,5
TKA,6
TKA,4
TKA,3
TKA,2
TKA,8
TKA,9
TKA,4
TKA,7
TKA,2
TKA,3
TKA,10
UKA,1
UKA,5
UKA,6
UKA,3
UKA,4
UKA,2
UKA,7
UKA,8
UKA,9
UKA,9
UKA,3
UKA,3
UKA,2
UKA,2
UKA,3
UKA,9
UKA,10
VKA,1
VKA,5
VKA,6
VKA,2
VKA,3
VKA,4
VKA,7
VKA,8
VKA,9
VKA,2
VKA,9
VKA,3
VKA,2
VKA,15
WKA,1
WKA,5
WKA,6
WKA,7
WKA,2
WKA,3
WKA,4
WKA,8
WKA,9
WKA,14
WKA,4
WKA,2
WKA,3
WKA,4
WKA,3
WKA,2
WKA,9
WKA,11
XKA,1
XKA,5
XKA,6
XKA,7
XKA,3
XKA,2
XKA,4
XKA,8
XKA,9
XKA,2
XKA,3
XKA,10
XKA,13
YKA,1
YKA,5
YKA,6
YKA,4
YKA,2
YKA,3
YKA,7
YKA,8
YKA,14
YKA,2
YKA,4
YKA,3
YKA,9
YKA,2
YKA,3
YKA,2
YKA,3
YKA,2
YKA,3
YKA,2
YKA,3
YKA,2
YKA,2
YKA,2
YKA,2
YKA,2
YKA,2
YKA,2
YKA,2
YKA,2
YKA,3
YKA,2
YKA,2
YKA,2
YKA,2
YKA,2
YKA,2
YKA,2
YKA,3
YKA,2
YKA,2
YKA,3
YKA,10
ZKA,1
ZKA,7
ZKA,5
ZKA,6
ZKA,8
ZKA,2
ZKA,4
ZKA,3
ZKA,9
ZKA,2
ZKA,4
ZKA,3
ZKA,2
ZKA,3
ZKA,10
ZKA,13
ALA,1
ALA,5
ALA,6
ALA,7
ALA,8
ALA,3
ALA,4
ALA,2
ALA,9
ALA,2
ALA,10
BLA,1
BLA,5
BLA,6
BLA,4
BLA,2
BLA,3
BLA,7
BLA,8
BLA,9
BLA,2
BLA,2
BLA,3
BLA,2
BLA,3
BLA,2
BLA,3
BLA,2
BLA,3
BLA,10
BLA,13
CLA,1
CLA,5
CLA,2
CLA,3
CLA,4
CLA,6
CLA,7
CLA,8
DLA,1
DLA,5
DLA,4
DLA,2
DLA,3
DLA,6
DLA,7
DLA,8
ELA,1
ELA,5
ELA,4
ELA,2
ELA,3
ELA,6
ELA,7
ELA,8
ELA,9
ELA,9
ELA,2
ELA,3
ELA,9
ELA,2
ELA,2
ELA,3
ELA,2
ELA,2
ELA,3
ELA,10
FLA,1
FLA,5
FLA,2
FLA,3
FLA,6
GLA,1
GLA,5
GLA,6
GLA,8
GLA,3
GLA,2
GLA,4
GLA,9
GLA,9
GLA,3
GLA,2
GLA,3
GLA,2
GLA,10
HLA,1
HLA,5
HLA,6
HLA,4
HLA,2
HLA,3
HLA,7
HLA,8
HLA,14
HLA,2
HLA,4
HLA,3
HLA,9
HLA,2
HLA,3
HLA,10
ILA,1
ILA,5
ILA,6
ILA,2
ILA,4
ILA,3
ILA,7
ILA,8
ILA,9
ILA,9
ILA,10
ILA,13
JLA,1
JLA,5
JLA,2
JLA,3
JLA,4
JLA,6
JLA,7
JLA,8
JLA,9
JLA,2
JLA,2
JLA,3
JLA,2
JLA,3
JLA,2
JLA,3
JLA,3
JLA,2
JLA,3
JLA,3
JLA,2
JLA,2
JLA,2
JLA,3
JLA,10
KLA,1
KLA,5
KLA,6
KLA,4
KLA,2
KLA,3
KLA,7
KLA,8
KLA,9
KLA,2
KLA,2
KLA,2
KLA,3
KLA,10
LLA,1
LLA,5
LLA,6
LLA,3
LLA,2
MLA,1
MLA,5
MLA,6
MLA,2
MLA,3
NLA,1
NLA,5
NLA,6
NLA,3
NLA,2
OLA,1
OLA,5
OLA,6
OLA,2
OLA,3
OLA,4
OLA,7
OLA,8
OLA,9
OLA,3
OLA,10
OLA,13
PLA,1
PLA,5
PLA,6
PLA,4
PLA,2
PLA,3
PLA,7
PLA,8
PLA,9
PLA,9
PLA,3
PLA,2
PLA,2
PLA,3
PLA,2
PLA,3
PLA,2
PLA,3
PLA,3
PLA,2
PLA,3
PLA,3
PLA,2
PLA,10
PLA,13
QLA,5
QLA,1
QLA,2
QLA,3
QLA,4
QLA,6
QLA,8
RLA,1
RLA,5
RLA,6
RLA,3
RLA,2
RLA,4
RLA,8
RLA,9
RLA,2
RLA,3
RLA,2
RLA,3
RLA,3
RLA,2
RLA,2
RLA,3
RLA,2
RLA,3
RLA,3
RLA,3
RLA,12
RLA,13
SLA,1
SLA,5
SLA,6
SLA,7
SLA,4
SLA,2
SLA,3
SLA,8
SLA,9
SLA,2
SLA,3
SLA,2
SLA,3
SLA,3
SLA,2
SLA,3
SLA,2
SLA,2
SLA,3
SLA,2
SLA,3
SLA,3
SLA,2
SLA,10
TLA,1
TLA,5
TLA,6
TLA,2
TLA,3
TLA,4
TLA,7
TLA,8
ULA,1
ULA,7
ULA,5
ULA,2
ULA,3
ULA,4
ULA,6
ULA,8
ULA,9
ULA,3
ULA,2
ULA,2
ULA,3
ULA,9
ULA,10
VLA,1
VLA,5
VLA,6
VLA,7
VLA,8
VLA,2
VLA,3
VLA,4
WLA,1
WLA,5
WLA,6
WLA,3
WLA,2
WLA,9
WLA,3
WLA,2
WLA,9
WLA,2
WLA,3
WLA,3
WLA,10
WLA,13
XLA,1
XLA,5
XLA,6
XLA,2
XLA,4
XLA,3
XLA,7
XLA,8
YLA,1
YLA,5
YLA,6
YLA,3
YLA,2
YLA,14
YLA,3
YLA,2
YLA,4
YLA,2
YLA,4
YLA,3
YLA,4
YLA,3
YLA,2
YLA,2
YLA,3
YLA,4
YLA,3
YLA,2
YLA,4
YLA,2
YLA,3
YLA,4
YLA,2
YLA,3
YLA,4
YLA,2
YLA,3
YLA,4
YLA,4
YLA,3
YLA,2
YLA,9
YLA,2
YLA,3
YLA,4
YLA,2
YLA,2
YLA,3
YLA,4
YLA,3
YLA,2
YLA,3
YLA,9
YLA,3
YLA,2
YLA,3
YLA,2
YLA,3
YLA,2
YLA,2
YLA,3
YLA,2
YLA,3
YLA,3
YLA,2
YLA,2
YLA,3
YLA,10
YLA,13
ZLA,1
ZLA,5
ZLA,6
ZLA,4
ZLA,3
ZLA,2
ZLA,7
ZLA,8
ZLA,9
ZLA,10
ZLA,13
AMA,1
AMA,5
AMA,6
AMA,2
AMA,3
AMA,9
AMA,2
AMA,3
AMA,10
BMA,1
BMA,5
BMA,6
BMA,2
BMA,4
BMA,3
BMA,7
BMA,8
BMA,9
BMA,3
BMA,10
BMA,13
CMA,1
CMA,5
CMA,6
CMA,3
CMA,2
CMA,4
CMA,8
CMA,9
DMA,1
DMA,5
DMA,6
EMA,1
EMA,5
EMA,6
EMA,4
EMA,3
EMA,2
EMA,8
EMA,7
EMA,9
EMA,3
EMA,2
EMA,2
EMA,3
EMA,2
EMA,3
EMA,10
EMA,13
FMA,1
FMA,3
FMA,4
FMA,2
FMA,5
FMA,6
FMA,7
FMA,8
FMA,9
FMA,9
FMA,9
FMA,10
FMA,13
GMA,1
GMA,5
GMA,6
GMA,2
GMA,3
GMA,9
GMA,9
GMA,3
GMA,2
GMA,3
GMA,2
GMA,3
GMA,10
HMA,1
HMA,5
HMA,6
IMA,1
IMA,5
IMA,3
IMA,2
IMA,6
JMA,6
JMA,1
JMA,5
JMA,7
JMA,8
JMA,3
JMA,2
JMA,4
JMA,9
JMA,3
JMA,2
JMA,9
JMA,2
JMA,3
JMA,2
JMA,3
JMA,10
KMA,1
KMA,5
KMA,6
KMA,7
KMA,3
KMA,2
KMA,4
KMA,8
KMA,9
KMA,2
KMA,3
KMA,3
KMA,2
KMA,2
KMA,3
KMA,3
KMA,2
KMA,2
KMA,3
KMA,15
LMA,1
LMA,5
LMA,6
LMA,2
LMA,9
LMA,10
MMA,1
MMA,5
MMA,3
MMA,2
MMA,4
MMA,6
MMA,7
MMA,8
NMA,1
NMA,5
NMA,6
NMA,7
NMA,8
NMA,2
NMA,4
NMA,3
NMA,9
NMA,2
NMA,3
NMA,2
NMA,3
NMA,9
NMA,2
NMA,3
NMA,2
NMA,3
NMA,9
NMA,9
NMA,10
OMA,6
OMA,1
OMA,5
OMA,7
OMA,8
OMA,3
OMA,4
OMA,2
OMA,14
OMA,4
OMA,2
OMA,3
OMA,4
OMA,2
OMA,3
OMA,4
OMA,2
OMA,3
OMA,4
OMA,9
OMA,3
OMA,2
OMA,3
OMA,2
OMA,10
OMA,13
PMA,1
PMA,5
PMA,6
PMA,2
PMA,3
PMA,4
PMA,7
PMA,8
PMA,9
PMA,3
PMA,2
PMA,2
PMA,3
PMA,10
QMA,1
QMA,2
QMA,3
QMA,4
QMA,5
QMA,6
QMA,7
QMA,8
QMA,9
QMA,3
QMA,2
QMA,3
QMA,9
QMA,2
QMA,3
QMA,3
QMA,2
QMA,10
SMA,1
SMA,5
SMA,6
SMA,3
SMA,2
SMA,7
SMA,8
SMA,14
SMA,9
SMA,2
SMA,3
SMA,2
SMA,3
SMA,2
SMA,3
SMA,10
TMA,1
TMA,5
TMA,6
TMA,7
TMA,3
TMA,2
TMA,4
TMA,8
TMA,9
TMA,10
UMA,3
UMA,2
UMA,1
UMA,5
UMA,6
UMA,4
UMA,2
UMA,3
UMA,7
UMA,8
UMA,9
UMA,3
UMA,2
UMA,10
VMA,1
VMA,5
VMA,6
WMA,1
WMA,5
WMA,6
WMA,2
WMA,3
XMA,1
XMA,5
XMA,6
YMA,1
YMA,5
YMA,6
YMA,2
YMA,3
YMA,9
YMA,2
YMA,3
YMA,10
YMA,13
ZMA,7
ZMA,1
ZMA,5
ZMA,6
ZMA,2
ZMA,4
ZMA,3
ZMA,8
ZMA,4
ZMA,14
ZMA,4
ZMA,3
ZMA,4
ZMA,2
ZMA,4
ZMA,2
ZMA,3
ZMA,2
ZMA,4
ZMA,4
ZMA,3
ZMA,2
ZMA,2
ZMA,4
ZMA,3
ZMA,2
ZMA,3
ZMA,4
ZMA,2
ZMA,3
ZMA,4
ZMA,2
ZMA,3
ZMA,4
ZMA,9
ZMA,2
ZMA,3
ZMA,2
ZMA,3
ZMA,3
ZMA,2
ZMA,3
ZMA,2
ZMA,2
ZMA,3
ZMA,2
ZMA,3
ZMA,2
ZMA,3
ZMA,2
ZMA,3
ZMA,3
ZMA,2
ZMA,2
ZMA,3
ZMA,2
ZMA,2
ZMA,3
ZMA,2
ZMA,3
ZMA,14
ZMA,4
ZMA,2
ZMA,3
ZMA,2
ZMA,11
ANA,1
ANA,5
ANA,6
ANA,3
ANA,2
ANA,9
ANA,2
ANA,3
ANA,10
BNA,1
BNA,5
BNA,6
BNA,3
BNA,2
BNA,9
BNA,10
CNA,1
CNA,5
CNA,6
CNA,2
CNA,3
CNA,9
CNA,2
CNA,2
CNA,3
CNA,3
CNA,2
CNA,2
CNA,3
CNA,2
CNA,3
CNA,10
CNA,13
DNA,1
DNA,5
DNA,6
DNA,2
DNA,3
DNA,4
DNA,7
DNA,8
ENA,1
ENA,5
ENA,6
ENA,3
ENA,2
FNA,1
FNA,5
FNA,6
FNA,3
FNA,4
FNA,2
FNA,8
FNA,9
FNA,7
GNA,1
GNA,5
GNA,6
GNA,7
GNA,3
GNA,4
GNA,2
GNA,8
GNA,14
GNA,3
GNA,2
GNA,4
GNA,3
GNA,4
GNA,2
GNA,14
GNA,2
GNA,3
GNA,4
GNA,2
GNA,2
GNA,3
GNA,4
GNA,9
GNA,10
HNA,1
HNA,5
HNA,6
HNA,2
HNA,3
HNA,4
HNA,8
HNA,14
HNA,3
HNA,2
HNA,4
HNA,4
HNA,2
HNA,2
HNA,3
HNA,4
HNA,2
HNA,3
HNA,4
HNA,4
HNA,2
HNA,3
HNA,9
HNA,3
HNA,2
HNA,3
HNA,3
HNA,2
HNA,3
HNA,10
INA,1
INA,5
INA,6
JNA,1
JNA,5
JNA,6
KNA,1
KNA,5
KNA,6
KNA,2
KNA,4
KNA,3
KNA,7
KNA,8
KNA,9
KNA,3
KNA,2
KNA,4
KNA,2
KNA,3
KNA,10
LNA,1
LNA,5
LNA,6
